cod_estacao,date,precip_total_mm,precip_max_hor_mm,n_leituras,nome_estacao,lat,lon
355030801A,,0.8,0.2,4,Jardim Paulistano,-23.582,-46.751
355030801B,,0.0,0.0,1,José Bonifácio,-23.547,-46.439
355030802A,,1.39,0.39,6,COHAB Inácio Monteiro,-23.569,-46.411
355030803A,,0.0,0.0,1,São João Clímaco,-23.622,-46.583
355030805A,,0.0,0.0,6,Tiradentes,-23.584,-46.416
355030806A,,0.0,0.0,1,Cidade Tiradentes 2,-23.58,-46.383
355030806B,,0.0,0.0,1,Cidade Líder,-23.571,-46.482
355030807A,,0.0,0.0,1,Jardim dos Alamos,-23.816,-46.736
355030808A,,0.0,0.0,1,Vila Clementino,-23.599,-46.65
355030808B,,0.0,0.0,1,Senai Pirituba,-23.501,-46.751
355030809A,,0.0,0.0,1,Jardim São Luis,-23.667,-46.728
355030810A,,0.2,0.2,2,Chacara Dona Olivia,-23.513,-46.389
355030811A,,0.0,0.0,1,AC Santana,-23.50248,-46.628836
355030812A,,0.6000000000000001,0.2,4,Luz,-23.531015,-46.632533
355030813A,,1.39,0.39,6,Jardim Guapira,-23.457,-46.584
355030814A,,0.0,0.0,1,Vila das Belezas,-23.647,-46.744
355030816A,,12.58,2.16,6,Jardim Sapopemba,-23.609,-46.494
355030817A,,0.0,0.0,1,Jardim Paraná,-23.448,-46.688
355030818A,,0.0,0.0,1,Itaquera2,-23.522,-46.457
355030819A,,3.94,0.79,6,Boa Esperança,-23.603,-46.449
355030820A,,0.2,0.2,1,Cidade Tiradentes,-23.595,-46.406
355030820B,,0.2,0.2,6,Vila Babilônia,-23.644,-46.655
355030821B,,0.0,0.0,1,Rua Carlos D. Ferreira,-23.464,-46.656
355030822A,,0.2,0.2,1,Vila Leopoldina,-23.5351,-46.73533
355030822B,,2.15,0.39,6,Avenida Oratório,-23.613,-46.523
355030824A,,0.2,0.2,2,Jardim Angela,-23.697,-46.765
355030825A,,0.2,0.2,2,Burgo Paulista,-23.517,-46.483
355030826A,,0.0,0.0,1,Mooca,-23.547,-46.596
355030827B,,0.0,0.0,1,Jardim Valparaiso,-23.424,-46.59
355030828A,,0.0,0.0,1,Jabaquara,-23.668,-46.635
355030831A,,0.2,0.2,1,AC Almeida Lima,-23.55196,-46.608613
355030832A,,0.0,0.0,1,Jardim Previdência,-23.622,-46.617
355030833A,,0.6000000000000001,0.2,4,AC Central de SP,-23.543311,-46.635987
355030834A,,0.0,0.0,1,Santo Amaro Paulista,-23.650398,-46.708183
355030835A,,0.0,0.0,1,Bairro do Limão,-23.504787,-46.672956
355030836A,,0.0,0.0,1,Perdizes,-23.53,-46.676
355030837A,,0.0,0.0,1,Vila Clementino 2,-23.602743,-46.649511
355030838A,,0.0,0.0,1,Residencial Cocaia,-23.745,-46.66
355030840A,,0.0,0.0,1,Vila Prudente,-23.59,-46.574
355030841A,,0.0,0.0,1,Vila Monumento,-23.571,-46.608
355030842A,,0.0,0.0,1,Jardim da Saúde,-23.612,-46.617
355030843A,,0.0,0.0,1,Jardim Santa Lucrécia,-23.436,-46.751
355030844A,,0.0,0.0,1,Barro Branco,-23.767,-46.68
355030845A,,0.2,0.2,6,Interlagos,-23.711,-46.704
355030846A,,0.0,0.0,1,Butantã,-23.589,-46.738
355030847A,,0.0,0.0,1,Vila Rubi,-23.728,-46.697
355030848A,,0.0,0.0,1,São Miguel Paulista,-23.5,-46.451
355030849A,,11.0,1.96,6,Vila Carrão,-23.575,-46.526
355030850A,,1.77,0.39,6,CEU São Rafael,-23.62034,-46.45687
355030851A,,0.79,0.39,3,Jaraguá,-23.48,-46.762
355030852A,,0.0,0.0,1,Cidade Dutra,-23.72,-46.702
355030853A,,0.4,0.2,3,Pinheiros,-23.563,-46.703
355030854A,,0.0,0.0,1,Vila Maria,-23.502,-46.591
355030855A,,0.0,0.0,1,Jardim Nossa S. Aparecida,-23.462,-46.712
355030856A,,8.44,1.77,6,Jardim Imperador,-23.64412,-46.60851
355030857A,,0.0,0.0,1,Centro ,-23.541,-46.629
355030858A,,0.0,0.0,1,Jardim Vera Cruz,-23.736,-46.78
355030859A,,0.0,0.0,1,Vila Aricanduva,-23.569,-46.504
355030860A,,1.58,0.79,3,Limão,-23.511,-46.667
355030861A,,1.0,0.2,5,Pedreira,-23.705,-46.644
355030862A,,0.0,0.0,1,Avenida Pacaembu,-23.524,-46.66
355030863A,,0.0,0.0,1,Capão Redondo2,-23.674,-46.77
355030864A,,2.5500000000000003,0.79,6,São Mateus,-23.6,-46.468
355030865A,,0.99,0.39,4,Vila Constância,-23.668,-46.674
355030866A,,0.0,0.0,1,Penha3,-23.519,-46.521
355030867A,,0.0,0.0,1,C.E.U Parelheiros,-23.829,-46.724
355030868,,0.0,0.0,1,Subprefeitura de Itaquera,-23.532,-46.447
355030868A,,0.4,0.2,2,Subprefeitura de Itaquera,-23.532,-46.447
355030869A,,2.75,0.79,5,Vila Prudente,-23.584,-46.561
355030870A,,0.0,0.0,1,Jabaquara,-23.649,-46.64
355030871A,,0.2,0.2,1,Ipiranga,-23.587,-46.602
355030872A,,1.58,0.39,6,Freguesia do Ó,-23.476,-46.665
355030873A,,8.64,2.56,5,Perus,-23.407,-46.753
355030874A,,1.2000000000000002,0.2,6,Pirituba,-23.489,-46.727
355030875A,,12.38,2.36,6,Jardim São Roberto,-23.622,-46.501
355030876A,,0.0,0.0,1,Ermelino Matarazzo,-23.5,-46.473
355030877A,,0.4,0.2,2,Vila Formosa,-23.561,-46.564
355030878A,,1.97,0.59,5,Lapa,-23.522,-46.695
355030879A,,0.4,0.2,3,Avenida Tucuruvi,-23.481,-46.604
355030880A,,9.26,3.55,6,Iguatemi,-23.609,-46.427
355030881A,,0.2,0.2,2,Itaim Paulista,-23.494,-46.417
355030882A,,0.4,0.2,3,Campo Limpo,-23.647,-46.757
355030884A,,4.33,0.98,6,Lajeado,-23.545,-46.401
355030885A,,3.74,0.79,6,Jardim Anhanguera,-23.44,-46.788
355030886A,,0.4,0.2,2,Cangaíba,-23.499,-46.496
355030889A,,1.77,0.39,6,Capão Redondo,-23.686,-46.794
355030892A,,0.6000000000000001,0.2,4,Jardim São Pedro,-23.555,-46.423
355030894A,,0.0,0.0,1,Parque Morumbi,-23.623,-46.727
355030895A,,0.0,0.0,1,Pirajussara,-23.638,-46.78
355030896A,,1.0,0.2,5,Jardim João XXIII,-23.6,-46.789
355030897A,,1.39,0.79,5,Jaguaré,-23.55,-46.743
355030898A,,0.0,0.0,1,Jardim Romano,-23.47888,-46.38121
355030899A,,2.15,0.39,6,Jardim Eledy,-23.649,-46.786
