escala,modelo,AP,IC95_inf,IC95_sup,ROC_AUC,lift_sobre_prevalencia
municipal,Regressão logística,0.4607274380310833,0.35750867870398056,0.5718212357676516,0.7997398493360571,2.2829303390079523
municipal,Random Forest,0.5031773919619409,0.395120606086416,0.6033231833679406,0.8144790602655771,2.493272245564224
municipal,XGBoost,0.47804988200073817,0.3864023903534602,0.5631096267508091,0.8099703140960163,2.3687640220486017
municipal,Ensemble (soft voting),0.48891266762241675,0.38482261640036314,0.5879132349232036,0.8139683350357507,2.422589735072874
municipal,Prevalência (sem informação),0.2018140589569161,0.15530045351473923,0.2607993197278911,0.5,1.0
municipal,Persistência,0.36000165752451724,0.27064135658163635,0.4495803198467393,0.6938282048008172,1.7838284378462035
municipal,Climatologia (mês),0.4285657983416078,0.33279469632608527,0.5331329211809662,0.7757477336567925,2.1235676075129106
regional,Regressão logística,0.1329764010779967,0.08770264768075553,0.18413732766351076,0.8240609501103624,4.4171086709910705
regional,Random Forest,0.12191160879522589,0.08755986630186305,0.15988309189043787,0.8159688366722427,4.049566839968926
regional,XGBoost,0.12393571699244438,0.09103143333996233,0.15828114127594248,0.8351972029862411,4.116802122293297
regional,Ensemble (soft voting),0.13266631756872593,0.09302278135034543,0.1753125823590922,0.8379683567678289,4.406808553478281
regional,Prevalência (sem informação),0.030104851608317044,0.0211114041504058,0.0402800274580426,0.5,1.0
regional,Persistência,0.046821461595916755,0.02911814731114849,0.06528206799828291,0.5593433045459911,1.5552796009458298
regional,Climatologia (subpref. + mês),0.1152570673850538,0.08387202906419831,0.1478521815572614,0.8120982552800735,3.8285213587703524
