escala,conjunto,modelo,n,positivos,prevalencia,AP,ROC_AUC,precisao,recall,F1,limiar,VN,FP,FN,VP
municipal,validacao,Regressão logística,729,178,0.24417009602194786,0.5616746291089505,0.8213156875140194,0.5642201834862385,0.6910112359550562,0.6212121212121212,0.39,456,95,55,123
municipal,teste,Regressão logística,882,178,0.2018140589569161,0.4607274380310833,0.7997398493360571,0.4254545454545455,0.6573033707865169,0.5165562913907285,0.39,546,158,61,117
municipal,validacao,Random Forest,729,178,0.24417009602194786,0.5721796979905487,0.8264340626848019,0.5291666666666667,0.7134831460674157,0.6076555023923444,0.38,438,113,51,127
municipal,teste,Random Forest,882,178,0.2018140589569161,0.5031773919619409,0.8144790602655771,0.40939597315436244,0.6853932584269663,0.5126050420168067,0.38,528,176,56,122
municipal,validacao,XGBoost,729,178,0.24417009602194786,0.5238331872175445,0.8144945859418014,0.49097472924187724,0.7640449438202247,0.5978021978021978,0.31,410,141,42,136
municipal,teste,XGBoost,882,178,0.2018140589569161,0.47804988200073817,0.8099703140960163,0.37027027027027026,0.7696629213483146,0.5,0.31,471,233,41,137
municipal,validacao,Ensemble (soft voting),729,178,0.24417009602194786,0.5689429330110148,0.8289116825383879,0.48089171974522293,0.848314606741573,0.6138211382113821,0.28,388,163,27,151
municipal,teste,Ensemble (soft voting),882,178,0.2018140589569161,0.48891266762241675,0.8139683350357507,0.3756218905472637,0.848314606741573,0.5206896551724138,0.28,453,251,27,151
regional,validacao,Regressão logística,23223,805,0.03466391077810791,0.16431324346894224,0.8468026192350978,0.1697792869269949,0.4968944099378882,0.2530844669408415,0.11,20462,1956,405,400
regional,teste,Regressão logística,28135,847,0.030104851608317044,0.1329764010779967,0.8240609501103624,0.12466765140324963,0.4982290436835891,0.1994328922495274,0.11,24325,2963,425,422
regional,validacao,Random Forest,23223,805,0.03466391077810791,0.16834057380327805,0.8384754320646287,0.16445623342175067,0.462111801242236,0.24258232800782523,0.08,20528,1890,433,372
regional,teste,Random Forest,28135,847,0.030104851608317044,0.12191160879522589,0.8159688366722427,0.12446014919513153,0.3742621015348288,0.18680023571007662,0.08,25058,2230,530,317
regional,validacao,XGBoost,23223,805,0.03466391077810791,0.16908044993082305,0.8492702181975553,0.18702513150204558,0.39751552795031053,0.2543720190779014,0.11,21027,1391,485,320
regional,teste,XGBoost,28135,847,0.030104851608317044,0.12393571699244438,0.8351972029862411,0.14130434782608695,0.3530106257378985,0.20182247721903476,0.11,25471,1817,548,299
regional,validacao,Ensemble (soft voting),23223,805,0.03466391077810791,0.17452186633624128,0.8564332454676782,0.18435754189944134,0.4509316770186335,0.2617159336697909,0.09999999999999999,20812,1606,442,363
regional,teste,Ensemble (soft voting),28135,847,0.030104851608317044,0.13266631756872593,0.8379683567678289,0.13586751975912684,0.42621015348288077,0.2060502283105023,0.09999999999999999,24992,2296,486,361
