codigo_subprefeitura,nome_subprefeitura,n,positivos,prevalencia,AP,precisao,recall
26,ARICANDUVA-FORMOSA-CARRAO,880,36,0.04090909090909091,0.10012347373273373,0.16666666666666666,0.027777777777777776
10,BUTANTA,880,54,0.06136363636363636,0.22911776506250017,0.17341040462427745,0.5555555555555556
17,CAMPO LIMPO,880,17,0.019318181818181818,0.05383917151116155,0.16666666666666666,0.058823529411764705
19,CAPELA DO SOCORRO,880,9,0.010227272727272727,0.0774418701428116,0.0,0.0
04,CASA VERDE-LIMAO-CACHOEIRINHA,880,29,0.03295454545454545,0.11907380960396095,0.09696969696969697,0.5517241379310345
16,CIDADE ADEMAR,880,4,0.004545454545454545,0.00903800527063756,0.0,0.0
31,CIDADE TIRADENTES,880,2,0.0022727272727272726,0.007946815089672233,0.0,0.0
22,ERMELINO MATARAZZO,880,8,0.00909090909090909,0.018684360995149227,0.0,0.0
03,FREGUESIA-BRASILANDIA,880,12,0.013636363636363636,0.0263459354657591,0.0,0.0
28,GUAIANASES,880,10,0.011363636363636364,0.03543948615077745,0.0,0.0
13,IPIRANGA,880,28,0.031818181818181815,0.11323823723151116,0.07407407407407407,0.07142857142857142
24,ITAIM PAULISTA,880,30,0.03409090909090909,0.10244895089155745,0.0,0.0
27,ITAQUERA,880,56,0.06363636363636363,0.16676987826940315,0.16666666666666666,0.39285714285714285
15,JABAQUARA,880,3,0.003409090909090909,0.07770807833537331,0.0,0.0
06,JACANA-TREMEMBE,880,7,0.007954545454545454,0.03053279052547304,0.0,0.0
08,LAPA,880,61,0.06931818181818182,0.20692133537717852,0.1543859649122807,0.7213114754098361
18,M BOI MIRIM,880,13,0.014772727272727272,0.13073587733861186,0.11764705882352941,0.15384615384615385
25,MOOCA,880,49,0.05568181818181818,0.16305629397421073,0.125,0.8367346938775511
20,PARELHEIROS,855,3,0.0035087719298245615,0.043422386875897306,0.0,0.0
21,PENHA,880,41,0.04659090909090909,0.131848941246975,0.13513513513513514,0.12195121951219512
01,PERUS-ANHANGUERA,880,3,0.003409090909090909,0.00665699522549247,0.0,0.0
11,PINHEIROS,880,54,0.06136363636363636,0.18336850645235847,0.10862619808306709,0.6296296296296297
02,PIRITUBA-JARAGUA,880,20,0.022727272727272728,0.0810698086285505,0.06666666666666667,0.05
05,SANTANA-TUCURUVI,880,47,0.053409090909090906,0.19444053534047764,0.12834224598930483,0.5106382978723404
14,SANTO AMARO,880,45,0.05113636363636364,0.183928811019665,0.11387900355871886,0.7111111111111111
30,SAO MATEUS,880,15,0.017045454545454544,0.030887185415505027,0.0,0.0
23,SAO MIGUEL,880,14,0.015909090909090907,0.15072089593417626,0.0,0.0
32,SAPOPEMBA,880,3,0.003409090909090909,0.01733438910977829,0.0,0.0
09,SE,880,81,0.09204545454545454,0.2339556695650819,0.17330210772833723,0.9135802469135802
07,VILA MARIA-VILA GUILHERME,880,36,0.04090909090909091,0.1404990736978238,0.1368421052631579,0.3611111111111111
12,VILA MARIANA,880,39,0.04431818181818182,0.10572606553508157,0.11888111888111888,0.4358974358974359
29,VILA PRUDENTE,880,18,0.020454545454545454,0.07104069240032354,0.15384615384615385,0.1111111111111111
