codigo_subprefeitura,nome_subprefeitura,dias,dias_com_registro,vegetacao,densidade_drenagem,pct_registros
01,PERUS-ANHANGUERA,4168,49,75.32037745077903,3.196728709726132,1.1756238003838773
02,PIRITUBA-JARAGUA,4168,102,46.73241074214452,2.8909062380095985,2.44721689059501
03,FREGUESIA-BRASILANDIA,4168,76,40.289780514631424,3.2024739878034945,1.8234165067178503
04,CASA VERDE-LIMAO-CACHOEIRINHA,4168,187,30.84761196208976,3.274948947701056,4.4865642994241846
05,SANTANA-TUCURUVI,4168,236,36.275221307257056,2.989242722752143,5.662188099808062
06,JACANA-TREMEMBE,4168,61,67.99335159805113,3.5762289549696047,1.463531669865643
07,VILA MARIA-VILA GUILHERME,4168,180,11.725603151730128,1.3480645308998949,4.318618042226488
08,LAPA,4168,325,20.84094990559045,2.3602481352233284,7.797504798464491
09,SE,4168,519,16.476158299849185,2.391001097727532,12.452015355086372
10,BUTANTA,4168,254,38.04681680868456,2.775070182265553,6.09404990403071
11,PINHEIROS,4168,345,28.357094356069616,1.9660283912222127,8.277351247600768
12,VILA MARIANA,4168,214,22.69031286726308,2.435907445266409,5.134357005758157
13,IPIRANGA,4168,131,24.701408549543853,1.848180462084463,3.1429942418426102
14,SANTO AMARO,4168,330,29.346909201237583,2.129786752647294,7.917466410748561
15,JABAQUARA,4168,12,15.586099856037947,2.576653786994409,0.28790786948176583
16,CIDADE ADEMAR,4168,44,24.440774906313425,2.9095748557203254,1.055662188099808
17,CAMPO LIMPO,4168,80,26.393247147715652,2.539867213619201,1.9193857965451055
18,M BOI MIRIM,4168,111,34.12262055868673,1.8938399943076984,2.663147792706334
19,CAPELA DO SOCORRO,4168,55,47.04083991047596,2.699477486055359,1.3195777351247602
20,PARELHEIROS,4168,24,91.2217628151446,5.542054243299524,0.5758157389635317
21,PENHA,4168,183,19.1116490826722,2.225107876873869,4.390595009596929
22,ERMELINO MATARAZZO,4168,20,17.848446272173252,2.472615179003564,0.4798464491362764
23,SAO MIGUEL,4168,57,18.78819638006428,2.436436164672376,1.3675623800383878
24,ITAIM PAULISTA,4168,65,11.79302514924098,3.109000425041617,1.5595009596928984
25,MOOCA,4168,324,12.06735128729574,1.3754881291380692,7.773512476007678
26,ARICANDUVA-FORMOSA-CARRAO,4168,104,12.111705965717372,1.999686015868457,2.495201535508637
27,ITAQUERA,4168,241,39.40243726310982,2.79297645495981,5.782149712092131
28,GUAIANASES,4168,21,22.51516119475837,3.1335655196071643,0.5038387715930902
29,VILA PRUDENTE,4168,110,12.70332210775424,2.216031474158059,2.6391554702495204
30,SAO MATEUS,4168,45,37.75954281056895,3.351664918164063,1.079654510556622
31,CIDADE TIRADENTES,4168,4,43.03102933588424,3.899991899747898,0.09596928982725528
32,SAPOPEMBA,4168,11,10.57201287654924,2.3553051236660103,0.263915547024952
