codigo_subprefeitura,nome_subprefeitura,dias,dias_com_chuva,mediana_estacoes,estacoes_raio,cobertura_pct
01,PERUS-ANHANGUERA,4169,4077,5.0,57,97.79323578795875
02,PIRITUBA-JARAGUA,4169,4088,5.0,71,98.0570880307028
03,FREGUESIA-BRASILANDIA,4169,4094,5.0,81,98.20100743583593
04,CASA VERDE-LIMAO-CACHOEIRINHA,4169,4094,5.0,88,98.20100743583593
05,SANTANA-TUCURUVI,4169,4094,5.0,89,98.20100743583593
06,JACANA-TREMEMBE,4169,4084,5.0,79,97.96114176061405
07,VILA MARIA-VILA GUILHERME,4169,4096,5.0,90,98.2489805708803
08,LAPA,4169,4100,5.0,83,98.34492684096905
09,SE,4169,4100,5.0,92,98.34492684096905
10,BUTANTA,4169,4099,5.0,80,98.32094027344687
11,PINHEIROS,4169,4102,5.0,92,98.39289997601344
12,VILA MARIANA,4169,4102,5.0,94,98.39289997601344
13,IPIRANGA,4169,4102,5.0,95,98.39289997601344
14,SANTO AMARO,4169,4102,5.0,85,98.39289997601344
15,JABAQUARA,4169,4102,5.0,93,98.39289997601344
16,CIDADE ADEMAR,4169,4102,5.0,89,98.39289997601344
17,CAMPO LIMPO,4169,4097,5.0,73,98.27296713840249
18,M BOI MIRIM,4169,4096,5.0,69,98.2489805708803
19,CAPELA DO SOCORRO,4169,4070,5.0,66,97.62532981530343
20,PARELHEIROS,4169,3841,5.0,26,92.13240585272247
21,PENHA,4169,4094,5.0,88,98.20100743583593
22,ERMELINO MATARAZZO,4169,4082,5.0,76,97.91316862556968
23,SAO MIGUEL,4169,4064,5.0,66,97.4814104101703
24,ITAIM PAULISTA,4169,4058,5.0,57,97.33749100503718
25,MOOCA,4169,4100,5.0,92,98.34492684096905
26,ARICANDUVA-FORMOSA-CARRAO,4169,4100,5.0,91,98.34492684096905
27,ITAQUERA,4169,4093,5.0,79,98.17702086831375
28,GUAIANASES,4169,4063,5.0,61,97.45742384264811
29,VILA PRUDENTE,4169,4100,5.0,92,98.34492684096905
30,SAO MATEUS,4169,4091,5.0,71,98.12904773326937
31,CIDADE TIRADENTES,4169,4063,5.0,61,97.45742384264811
32,SAPOPEMBA,4169,4099,5.0,87,98.32094027344687
