arquivo,categoria,descricao_original,registros
SIRGAS_SHP_vegetacao_pmd_ARICANDUVA-FORMOSA-CARRAO.zip,11,"Baixa cobertura arbórea, arbóreo-arbustiva e ou arborescente",654
SIRGAS_SHP_vegetacao_pmd_ARICANDUVA-FORMOSA-CARRAO.zip,13,"Média a alta cobertura arbórea, arbóreo-arbustiva e ou arborescente",3071
SIRGAS_SHP_vegetacao_pmd_ARICANDUVA-FORMOSA-CARRAO.zip,14,Vegetação herbáceo-arbustiva,314
SIRGAS_SHP_vegetacao_pmd_BUTANTA.zip,8,Vegetação aquática flutuante,1
SIRGAS_SHP_vegetacao_pmd_BUTANTA.zip,9,Maciços florestais heterogêneos e bosques urbanos,22
SIRGAS_SHP_vegetacao_pmd_BUTANTA.zip,11,"Baixa cobertura arbórea, arbóreo-arbustiva e ou arborescente",2161
SIRGAS_SHP_vegetacao_pmd_BUTANTA.zip,12,Agricultura,2
SIRGAS_SHP_vegetacao_pmd_BUTANTA.zip,13,"Média a alta cobertura arbórea, arbóreo-arbustiva e ou arborescente",16043
SIRGAS_SHP_vegetacao_pmd_BUTANTA.zip,14,Vegetação herbáceo-arbustiva,2699
SIRGAS_SHP_vegetacao_pmd_CAMPO_LIMPO.zip,9,Maciços florestais heterogêneos e bosques urbanos,18
SIRGAS_SHP_vegetacao_pmd_CAMPO_LIMPO.zip,10,Maciços florestais homogêneos,1
SIRGAS_SHP_vegetacao_pmd_CAMPO_LIMPO.zip,11,"Baixa cobertura arbórea, arbóreo-arbustiva e ou arborescente",1488
SIRGAS_SHP_vegetacao_pmd_CAMPO_LIMPO.zip,12,Agricultura,1
SIRGAS_SHP_vegetacao_pmd_CAMPO_LIMPO.zip,13,"Média a alta cobertura arbórea, arbóreo-arbustiva e ou arborescente",9741
SIRGAS_SHP_vegetacao_pmd_CAMPO_LIMPO.zip,14,Vegetação herbáceo-arbustiva,1416
SIRGAS_SHP_vegetacao_pmd_CAPELA_DO_SOCORRO.zip,1,Floresta ombrófila densa secundária em estágio avançado e floresta ombrófila densa primária,22
SIRGAS_SHP_vegetacao_pmd_CAPELA_DO_SOCORRO.zip,2,Floresta ombrófila densa secundária em estágio médio,119
SIRGAS_SHP_vegetacao_pmd_CAPELA_DO_SOCORRO.zip,3,Floresta ombrófila densa secundária em estágio inicial,201
SIRGAS_SHP_vegetacao_pmd_CAPELA_DO_SOCORRO.zip,5,Floresta paludosa e ou de várzea,26
SIRGAS_SHP_vegetacao_pmd_CAPELA_DO_SOCORRO.zip,7,Vegetação herbáceo-arbustiva de várzea ou de brejo,358
SIRGAS_SHP_vegetacao_pmd_CAPELA_DO_SOCORRO.zip,8,Vegetação aquática flutuante,206
SIRGAS_SHP_vegetacao_pmd_CAPELA_DO_SOCORRO.zip,9,Maciços florestais heterogêneos e bosques urbanos,46
SIRGAS_SHP_vegetacao_pmd_CAPELA_DO_SOCORRO.zip,10,Maciços florestais homogêneos,32
SIRGAS_SHP_vegetacao_pmd_CAPELA_DO_SOCORRO.zip,11,"Baixa cobertura arbórea, arbóreo-arbustiva e ou arborescente",2443
SIRGAS_SHP_vegetacao_pmd_CAPELA_DO_SOCORRO.zip,12,Agricultura,220
SIRGAS_SHP_vegetacao_pmd_CAPELA_DO_SOCORRO.zip,13,"Média a alta cobertura arbórea, arbóreo-arbustiva e ou arborescente",6998
SIRGAS_SHP_vegetacao_pmd_CAPELA_DO_SOCORRO.zip,14,Vegetação herbáceo-arbustiva,1508
SIRGAS_SHP_vegetacao_pmd_CAPELA_DO_SOCORRO.zip,15,Mista,81
SIRGAS_SHP_vegetacao_pmd_CASA_VERDE-CACHOEIRINHA.zip,1,Floresta ombrófila densa secundária em estágio avançado e floresta ombrófila densa primária,10
SIRGAS_SHP_vegetacao_pmd_CASA_VERDE-CACHOEIRINHA.zip,2,Floresta ombrófila densa secundária em estágio médio,31
SIRGAS_SHP_vegetacao_pmd_CASA_VERDE-CACHOEIRINHA.zip,3,Floresta ombrófila densa secundária em estágio inicial,32
SIRGAS_SHP_vegetacao_pmd_CASA_VERDE-CACHOEIRINHA.zip,5,Floresta paludosa e ou de várzea,22
SIRGAS_SHP_vegetacao_pmd_CASA_VERDE-CACHOEIRINHA.zip,7,Vegetação herbáceo-arbustiva de várzea ou de brejo,30
SIRGAS_SHP_vegetacao_pmd_CASA_VERDE-CACHOEIRINHA.zip,9,Maciços florestais heterogêneos e bosques urbanos,34
SIRGAS_SHP_vegetacao_pmd_CASA_VERDE-CACHOEIRINHA.zip,10,Maciços florestais homogêneos,1
SIRGAS_SHP_vegetacao_pmd_CASA_VERDE-CACHOEIRINHA.zip,11,"Baixa cobertura arbórea, arbóreo-arbustiva e ou arborescente",714
SIRGAS_SHP_vegetacao_pmd_CASA_VERDE-CACHOEIRINHA.zip,12,Agricultura,4
SIRGAS_SHP_vegetacao_pmd_CASA_VERDE-CACHOEIRINHA.zip,13,"Média a alta cobertura arbórea, arbóreo-arbustiva e ou arborescente",3554
SIRGAS_SHP_vegetacao_pmd_CASA_VERDE-CACHOEIRINHA.zip,14,Vegetação herbáceo-arbustiva,443
SIRGAS_SHP_vegetacao_pmd_CIDADE_ADEMAR.zip,2,Floresta ombrófila densa secundária em estágio médio,2
SIRGAS_SHP_vegetacao_pmd_CIDADE_ADEMAR.zip,3,Floresta ombrófila densa secundária em estágio inicial,2
SIRGAS_SHP_vegetacao_pmd_CIDADE_ADEMAR.zip,5,Floresta paludosa e ou de várzea,4
SIRGAS_SHP_vegetacao_pmd_CIDADE_ADEMAR.zip,7,Vegetação herbáceo-arbustiva de várzea ou de brejo,71
SIRGAS_SHP_vegetacao_pmd_CIDADE_ADEMAR.zip,8,Vegetação aquática flutuante,91
SIRGAS_SHP_vegetacao_pmd_CIDADE_ADEMAR.zip,9,Maciços florestais heterogêneos e bosques urbanos,18
SIRGAS_SHP_vegetacao_pmd_CIDADE_ADEMAR.zip,10,Maciços florestais homogêneos,5
SIRGAS_SHP_vegetacao_pmd_CIDADE_ADEMAR.zip,11,"Baixa cobertura arbórea, arbóreo-arbustiva e ou arborescente",839
SIRGAS_SHP_vegetacao_pmd_CIDADE_ADEMAR.zip,12,Agricultura,8
SIRGAS_SHP_vegetacao_pmd_CIDADE_ADEMAR.zip,13,"Média a alta cobertura arbórea, arbóreo-arbustiva e ou arborescente",4025
SIRGAS_SHP_vegetacao_pmd_CIDADE_ADEMAR.zip,14,Vegetação herbáceo-arbustiva,579
SIRGAS_SHP_vegetacao_pmd_CIDADE_ADEMAR.zip,15,Mista,4
SIRGAS_SHP_vegetacao_pmd_CIDADE_TIRADENTES.zip,2,Floresta ombrófila densa secundária em estágio médio,5
SIRGAS_SHP_vegetacao_pmd_CIDADE_TIRADENTES.zip,3,Floresta ombrófila densa secundária em estágio inicial,12
SIRGAS_SHP_vegetacao_pmd_CIDADE_TIRADENTES.zip,9,Maciços florestais heterogêneos e bosques urbanos,7
SIRGAS_SHP_vegetacao_pmd_CIDADE_TIRADENTES.zip,10,Maciços florestais homogêneos,1
SIRGAS_SHP_vegetacao_pmd_CIDADE_TIRADENTES.zip,11,"Baixa cobertura arbórea, arbóreo-arbustiva e ou arborescente",691
SIRGAS_SHP_vegetacao_pmd_CIDADE_TIRADENTES.zip,13,"Média a alta cobertura arbórea, arbóreo-arbustiva e ou arborescente",788
SIRGAS_SHP_vegetacao_pmd_CIDADE_TIRADENTES.zip,14,Vegetação herbáceo-arbustiva,453
SIRGAS_SHP_vegetacao_pmd_CIDADE_TIRADENTES.zip,15,Mista,7
SIRGAS_SHP_vegetacao_pmd_ERMELINO_MATARAZZO.zip,5,Floresta paludosa e ou de várzea,8
SIRGAS_SHP_vegetacao_pmd_ERMELINO_MATARAZZO.zip,7,Vegetação herbáceo-arbustiva de várzea ou de brejo,14
SIRGAS_SHP_vegetacao_pmd_ERMELINO_MATARAZZO.zip,8,Vegetação aquática flutuante,11
SIRGAS_SHP_vegetacao_pmd_ERMELINO_MATARAZZO.zip,9,Maciços florestais heterogêneos e bosques urbanos,1
SIRGAS_SHP_vegetacao_pmd_ERMELINO_MATARAZZO.zip,11,"Baixa cobertura arbórea, arbóreo-arbustiva e ou arborescente",422
SIRGAS_SHP_vegetacao_pmd_ERMELINO_MATARAZZO.zip,12,Agricultura,1
SIRGAS_SHP_vegetacao_pmd_ERMELINO_MATARAZZO.zip,13,"Média a alta cobertura arbórea, arbóreo-arbustiva e ou arborescente",2147
SIRGAS_SHP_vegetacao_pmd_ERMELINO_MATARAZZO.zip,14,Vegetação herbáceo-arbustiva,164
SIRGAS_SHP_vegetacao_pmd_ERMELINO_MATARAZZO.zip,15,Mista,6
SIRGAS_SHP_vegetacao_pmd_FREGUESIA-BRASILANDIA.zip,1,Floresta ombrófila densa secundária em estágio avançado e floresta ombrófila densa primária,30
SIRGAS_SHP_vegetacao_pmd_FREGUESIA-BRASILANDIA.zip,2,Floresta ombrófila densa secundária em estágio médio,26
SIRGAS_SHP_vegetacao_pmd_FREGUESIA-BRASILANDIA.zip,3,Floresta ombrófila densa secundária em estágio inicial,25
SIRGAS_SHP_vegetacao_pmd_FREGUESIA-BRASILANDIA.zip,5,Floresta paludosa e ou de várzea,30
SIRGAS_SHP_vegetacao_pmd_FREGUESIA-BRASILANDIA.zip,7,Vegetação herbáceo-arbustiva de várzea ou de brejo,24
SIRGAS_SHP_vegetacao_pmd_FREGUESIA-BRASILANDIA.zip,9,Maciços florestais heterogêneos e bosques urbanos,13
SIRGAS_SHP_vegetacao_pmd_FREGUESIA-BRASILANDIA.zip,10,Maciços florestais homogêneos,8
SIRGAS_SHP_vegetacao_pmd_FREGUESIA-BRASILANDIA.zip,11,"Baixa cobertura arbórea, arbóreo-arbustiva e ou arborescente",890
SIRGAS_SHP_vegetacao_pmd_FREGUESIA-BRASILANDIA.zip,12,Agricultura,4
SIRGAS_SHP_vegetacao_pmd_FREGUESIA-BRASILANDIA.zip,13,"Média a alta cobertura arbórea, arbóreo-arbustiva e ou arborescente",3569
SIRGAS_SHP_vegetacao_pmd_FREGUESIA-BRASILANDIA.zip,14,Vegetação herbáceo-arbustiva,589
SIRGAS_SHP_vegetacao_pmd_FREGUESIA-BRASILANDIA.zip,15,Mista,1
SIRGAS_SHP_vegetacao_pmd_GUAIANASES.zip,7,Vegetação herbáceo-arbustiva de várzea ou de brejo,6
SIRGAS_SHP_vegetacao_pmd_GUAIANASES.zip,9,Maciços florestais heterogêneos e bosques urbanos,1
SIRGAS_SHP_vegetacao_pmd_GUAIANASES.zip,11,"Baixa cobertura arbórea, arbóreo-arbustiva e ou arborescente",824
SIRGAS_SHP_vegetacao_pmd_GUAIANASES.zip,12,Agricultura,3
SIRGAS_SHP_vegetacao_pmd_GUAIANASES.zip,13,"Média a alta cobertura arbórea, arbóreo-arbustiva e ou arborescente",2145
SIRGAS_SHP_vegetacao_pmd_GUAIANASES.zip,14,Vegetação herbáceo-arbustiva,531
SIRGAS_SHP_vegetacao_pmd_IPIRANGA.zip,1,Floresta ombrófila densa secundária em estágio avançado e floresta ombrófila densa primária,1
SIRGAS_SHP_vegetacao_pmd_IPIRANGA.zip,2,Floresta ombrófila densa secundária em estágio médio,2
SIRGAS_SHP_vegetacao_pmd_IPIRANGA.zip,3,Floresta ombrófila densa secundária em estágio inicial,13
SIRGAS_SHP_vegetacao_pmd_IPIRANGA.zip,7,Vegetação herbáceo-arbustiva de várzea ou de brejo,6
SIRGAS_SHP_vegetacao_pmd_IPIRANGA.zip,8,Vegetação aquática flutuante,6
SIRGAS_SHP_vegetacao_pmd_IPIRANGA.zip,9,Maciços florestais heterogêneos e bosques urbanos,24
SIRGAS_SHP_vegetacao_pmd_IPIRANGA.zip,11,"Baixa cobertura arbórea, arbóreo-arbustiva e ou arborescente",997
SIRGAS_SHP_vegetacao_pmd_IPIRANGA.zip,12,Agricultura,3
SIRGAS_SHP_vegetacao_pmd_IPIRANGA.zip,13,"Média a alta cobertura arbórea, arbóreo-arbustiva e ou arborescente",11322
SIRGAS_SHP_vegetacao_pmd_IPIRANGA.zip,14,Vegetação herbáceo-arbustiva,1283
SIRGAS_SHP_vegetacao_pmd_ITAIM_PAULISTA.zip,11,"Baixa cobertura arbórea, arbóreo-arbustiva e ou arborescente",793
SIRGAS_SHP_vegetacao_pmd_ITAIM_PAULISTA.zip,12,Agricultura,5
SIRGAS_SHP_vegetacao_pmd_ITAIM_PAULISTA.zip,13,"Média a alta cobertura arbórea, arbóreo-arbustiva e ou arborescente",3122
SIRGAS_SHP_vegetacao_pmd_ITAIM_PAULISTA.zip,14,Vegetação herbáceo-arbustiva,599
SIRGAS_SHP_vegetacao_pmd_ITAQUERA.zip,2,Floresta ombrófila densa secundária em estágio médio,18
SIRGAS_SHP_vegetacao_pmd_ITAQUERA.zip,3,Floresta ombrófila densa secundária em estágio inicial,23
SIRGAS_SHP_vegetacao_pmd_ITAQUERA.zip,5,Floresta paludosa e ou de várzea,1
SIRGAS_SHP_vegetacao_pmd_ITAQUERA.zip,7,Vegetação herbáceo-arbustiva de várzea ou de brejo,8
SIRGAS_SHP_vegetacao_pmd_ITAQUERA.zip,9,Maciços florestais heterogêneos e bosques urbanos,14
SIRGAS_SHP_vegetacao_pmd_ITAQUERA.zip,10,Maciços florestais homogêneos,9
SIRGAS_SHP_vegetacao_pmd_ITAQUERA.zip,11,"Baixa cobertura arbórea, arbóreo-arbustiva e ou arborescente",1939
SIRGAS_SHP_vegetacao_pmd_ITAQUERA.zip,12,Agricultura,29
SIRGAS_SHP_vegetacao_pmd_ITAQUERA.zip,13,"Média a alta cobertura arbórea, arbóreo-arbustiva e ou arborescente",5214
SIRGAS_SHP_vegetacao_pmd_ITAQUERA.zip,14,Vegetação herbáceo-arbustiva,1170
SIRGAS_SHP_vegetacao_pmd_ITAQUERA.zip,15,Mista,29
SIRGAS_SHP_vegetacao_pmd_JABAQUARA.zip,2,Floresta ombrófila densa secundária em estágio médio,6
SIRGAS_SHP_vegetacao_pmd_JABAQUARA.zip,3,Floresta ombrófila densa secundária em estágio inicial,6
SIRGAS_SHP_vegetacao_pmd_JABAQUARA.zip,9,Maciços florestais heterogêneos e bosques urbanos,7
SIRGAS_SHP_vegetacao_pmd_JABAQUARA.zip,11,"Baixa cobertura arbórea, arbóreo-arbustiva e ou arborescente",474
SIRGAS_SHP_vegetacao_pmd_JABAQUARA.zip,13,"Média a alta cobertura arbórea, arbóreo-arbustiva e ou arborescente",3410
SIRGAS_SHP_vegetacao_pmd_JABAQUARA.zip,14,Vegetação herbáceo-arbustiva,325
SIRGAS_SHP_vegetacao_pmd_JACANA-TREMEMBE.zip,1,Floresta ombrófila densa secundária em estágio avançado e floresta ombrófila densa primária,79
SIRGAS_SHP_vegetacao_pmd_JACANA-TREMEMBE.zip,2,Floresta ombrófila densa secundária em estágio médio,84
SIRGAS_SHP_vegetacao_pmd_JACANA-TREMEMBE.zip,3,Floresta ombrófila densa secundária em estágio inicial,144
SIRGAS_SHP_vegetacao_pmd_JACANA-TREMEMBE.zip,5,Floresta paludosa e ou de várzea,74
SIRGAS_SHP_vegetacao_pmd_JACANA-TREMEMBE.zip,7,Vegetação herbáceo-arbustiva de várzea ou de brejo,128
SIRGAS_SHP_vegetacao_pmd_JACANA-TREMEMBE.zip,8,Vegetação aquática flutuante,6
SIRGAS_SHP_vegetacao_pmd_JACANA-TREMEMBE.zip,9,Maciços florestais heterogêneos e bosques urbanos,62
SIRGAS_SHP_vegetacao_pmd_JACANA-TREMEMBE.zip,10,Maciços florestais homogêneos,8
SIRGAS_SHP_vegetacao_pmd_JACANA-TREMEMBE.zip,11,"Baixa cobertura arbórea, arbóreo-arbustiva e ou arborescente",1006
SIRGAS_SHP_vegetacao_pmd_JACANA-TREMEMBE.zip,12,Agricultura,44
SIRGAS_SHP_vegetacao_pmd_JACANA-TREMEMBE.zip,13,"Média a alta cobertura arbórea, arbóreo-arbustiva e ou arborescente",3784
SIRGAS_SHP_vegetacao_pmd_JACANA-TREMEMBE.zip,14,Vegetação herbáceo-arbustiva,1083
SIRGAS_SHP_vegetacao_pmd_JACANA-TREMEMBE.zip,15,Mista,6
SIRGAS_SHP_vegetacao_pmd_LAPA.zip,7,Vegetação herbáceo-arbustiva de várzea ou de brejo,1
SIRGAS_SHP_vegetacao_pmd_LAPA.zip,9,Maciços florestais heterogêneos e bosques urbanos,1
SIRGAS_SHP_vegetacao_pmd_LAPA.zip,11,"Baixa cobertura arbórea, arbóreo-arbustiva e ou arborescente",1521
SIRGAS_SHP_vegetacao_pmd_LAPA.zip,12,Agricultura,3
SIRGAS_SHP_vegetacao_pmd_LAPA.zip,13,"Média a alta cobertura arbórea, arbóreo-arbustiva e ou arborescente",13766
SIRGAS_SHP_vegetacao_pmd_LAPA.zip,14,Vegetação herbáceo-arbustiva,1840
SIRGAS_SHP_vegetacao_pmd_M'BOI_MIRIM.zip,2,Floresta ombrófila densa secundária em estágio médio,26
SIRGAS_SHP_vegetacao_pmd_M'BOI_MIRIM.zip,3,Floresta ombrófila densa secundária em estágio inicial,36
SIRGAS_SHP_vegetacao_pmd_M'BOI_MIRIM.zip,5,Floresta paludosa e ou de várzea,26
SIRGAS_SHP_vegetacao_pmd_M'BOI_MIRIM.zip,7,Vegetação herbáceo-arbustiva de várzea ou de brejo,55
SIRGAS_SHP_vegetacao_pmd_M'BOI_MIRIM.zip,8,Vegetação aquática flutuante,34
SIRGAS_SHP_vegetacao_pmd_M'BOI_MIRIM.zip,9,Maciços florestais heterogêneos e bosques urbanos,27
SIRGAS_SHP_vegetacao_pmd_M'BOI_MIRIM.zip,10,Maciços florestais homogêneos,13
SIRGAS_SHP_vegetacao_pmd_M'BOI_MIRIM.zip,11,"Baixa cobertura arbórea, arbóreo-arbustiva e ou arborescente",1725
SIRGAS_SHP_vegetacao_pmd_M'BOI_MIRIM.zip,12,Agricultura,21
SIRGAS_SHP_vegetacao_pmd_M'BOI_MIRIM.zip,13,"Média a alta cobertura arbórea, arbóreo-arbustiva e ou arborescente",4843
SIRGAS_SHP_vegetacao_pmd_M'BOI_MIRIM.zip,14,Vegetação herbáceo-arbustiva,925
SIRGAS_SHP_vegetacao_pmd_M'BOI_MIRIM.zip,15,Mista,6
SIRGAS_SHP_vegetacao_pmd_MOOCA.zip,11,"Baixa cobertura arbórea, arbóreo-arbustiva e ou arborescente",990
SIRGAS_SHP_vegetacao_pmd_MOOCA.zip,13,"Média a alta cobertura arbórea, arbóreo-arbustiva e ou arborescente",10180
SIRGAS_SHP_vegetacao_pmd_MOOCA.zip,14,Vegetação herbáceo-arbustiva,1078
SIRGAS_SHP_vegetacao_pmd_PARELHEIROS.zip,1,Floresta ombrófila densa secundária em estágio avançado e floresta ombrófila densa primária,189
SIRGAS_SHP_vegetacao_pmd_PARELHEIROS.zip,2,Floresta ombrófila densa secundária em estágio médio,713
SIRGAS_SHP_vegetacao_pmd_PARELHEIROS.zip,3,Floresta ombrófila densa secundária em estágio inicial,1088
SIRGAS_SHP_vegetacao_pmd_PARELHEIROS.zip,4,Floresta ombrófila densa alto-montana (mata nebular),431
SIRGAS_SHP_vegetacao_pmd_PARELHEIROS.zip,5,Floresta paludosa e ou de várzea,88
SIRGAS_SHP_vegetacao_pmd_PARELHEIROS.zip,6,Campos alto-montanos,622
SIRGAS_SHP_vegetacao_pmd_PARELHEIROS.zip,7,Vegetação herbáceo-arbustiva de várzea ou de brejo,375
SIRGAS_SHP_vegetacao_pmd_PARELHEIROS.zip,8,Vegetação aquática flutuante,54
SIRGAS_SHP_vegetacao_pmd_PARELHEIROS.zip,9,Maciços florestais heterogêneos e bosques urbanos,373
SIRGAS_SHP_vegetacao_pmd_PARELHEIROS.zip,10,Maciços florestais homogêneos,161
SIRGAS_SHP_vegetacao_pmd_PARELHEIROS.zip,11,"Baixa cobertura arbórea, arbóreo-arbustiva e ou arborescente",2843
SIRGAS_SHP_vegetacao_pmd_PARELHEIROS.zip,12,Agricultura,969
SIRGAS_SHP_vegetacao_pmd_PARELHEIROS.zip,13,"Média a alta cobertura arbórea, arbóreo-arbustiva e ou arborescente",3141
SIRGAS_SHP_vegetacao_pmd_PARELHEIROS.zip,14,Vegetação herbáceo-arbustiva,1613
SIRGAS_SHP_vegetacao_pmd_PARELHEIROS.zip,15,Mista,338
SIRGAS_SHP_vegetacao_pmd_PENHA.zip,5,Floresta paludosa e ou de várzea,14
SIRGAS_SHP_vegetacao_pmd_PENHA.zip,7,Vegetação herbáceo-arbustiva de várzea ou de brejo,39
SIRGAS_SHP_vegetacao_pmd_PENHA.zip,8,Vegetação aquática flutuante,31
SIRGAS_SHP_vegetacao_pmd_PENHA.zip,9,Maciços florestais heterogêneos e bosques urbanos,1
SIRGAS_SHP_vegetacao_pmd_PENHA.zip,11,"Baixa cobertura arbórea, arbóreo-arbustiva e ou arborescente",1147
SIRGAS_SHP_vegetacao_pmd_PENHA.zip,12,Agricultura,2
SIRGAS_SHP_vegetacao_pmd_PENHA.zip,13,"Média a alta cobertura arbórea, arbóreo-arbustiva e ou arborescente",6009
SIRGAS_SHP_vegetacao_pmd_PENHA.zip,14,Vegetação herbáceo-arbustiva,602
SIRGAS_SHP_vegetacao_pmd_PENHA.zip,15,Mista,5
SIRGAS_SHP_vegetacao_pmd_PERUS.zip,2,Floresta ombrófila densa secundária em estágio médio,28
SIRGAS_SHP_vegetacao_pmd_PERUS.zip,3,Floresta ombrófila densa secundária em estágio inicial,39
SIRGAS_SHP_vegetacao_pmd_PERUS.zip,5,Floresta paludosa e ou de várzea,19
SIRGAS_SHP_vegetacao_pmd_PERUS.zip,7,Vegetação herbáceo-arbustiva de várzea ou de brejo,31
SIRGAS_SHP_vegetacao_pmd_PERUS.zip,9,Maciços florestais heterogêneos e bosques urbanos,73
SIRGAS_SHP_vegetacao_pmd_PERUS.zip,10,Maciços florestais homogêneos,38
SIRGAS_SHP_vegetacao_pmd_PERUS.zip,11,"Baixa cobertura arbórea, arbóreo-arbustiva e ou arborescente",970
SIRGAS_SHP_vegetacao_pmd_PERUS.zip,12,Agricultura,33
SIRGAS_SHP_vegetacao_pmd_PERUS.zip,13,"Média a alta cobertura arbórea, arbóreo-arbustiva e ou arborescente",3243
SIRGAS_SHP_vegetacao_pmd_PERUS.zip,14,Vegetação herbáceo-arbustiva,1317
SIRGAS_SHP_vegetacao_pmd_PERUS.zip,15,Mista,41
SIRGAS_SHP_vegetacao_pmd_PINHEIROS.zip,9,Maciços florestais heterogêneos e bosques urbanos,1
SIRGAS_SHP_vegetacao_pmd_PINHEIROS.zip,11,"Baixa cobertura arbórea, arbóreo-arbustiva e ou arborescente",968
SIRGAS_SHP_vegetacao_pmd_PINHEIROS.zip,13,"Média a alta cobertura arbórea, arbóreo-arbustiva e ou arborescente",14437
SIRGAS_SHP_vegetacao_pmd_PINHEIROS.zip,14,Vegetação herbáceo-arbustiva,1066
SIRGAS_SHP_vegetacao_pmd_PIRITUBA-JARAGUA.zip,1,Floresta ombrófila densa secundária em estágio avançado e floresta ombrófila densa primária,3
SIRGAS_SHP_vegetacao_pmd_PIRITUBA-JARAGUA.zip,2,Floresta ombrófila densa secundária em estágio médio,36
SIRGAS_SHP_vegetacao_pmd_PIRITUBA-JARAGUA.zip,3,Floresta ombrófila densa secundária em estágio inicial,36
SIRGAS_SHP_vegetacao_pmd_PIRITUBA-JARAGUA.zip,5,Floresta paludosa e ou de várzea,5
SIRGAS_SHP_vegetacao_pmd_PIRITUBA-JARAGUA.zip,7,Vegetação herbáceo-arbustiva de várzea ou de brejo,23
SIRGAS_SHP_vegetacao_pmd_PIRITUBA-JARAGUA.zip,8,Vegetação aquática flutuante,3
SIRGAS_SHP_vegetacao_pmd_PIRITUBA-JARAGUA.zip,9,Maciços florestais heterogêneos e bosques urbanos,34
SIRGAS_SHP_vegetacao_pmd_PIRITUBA-JARAGUA.zip,10,Maciços florestais homogêneos,19
SIRGAS_SHP_vegetacao_pmd_PIRITUBA-JARAGUA.zip,11,"Baixa cobertura arbórea, arbóreo-arbustiva e ou arborescente",1651
SIRGAS_SHP_vegetacao_pmd_PIRITUBA-JARAGUA.zip,11,"Média a alta cobertura arbórea, arbóreo-arbustiva e ou arborescente",1
SIRGAS_SHP_vegetacao_pmd_PIRITUBA-JARAGUA.zip,12,Agricultura,11
SIRGAS_SHP_vegetacao_pmd_PIRITUBA-JARAGUA.zip,13,"Média a alta cobertura arbórea, arbórea-arbustiva e ou arborescente",1
SIRGAS_SHP_vegetacao_pmd_PIRITUBA-JARAGUA.zip,13,"Média a alta cobertura arbórea, arbóreo-arbustiva e ou arborescente",10695
SIRGAS_SHP_vegetacao_pmd_PIRITUBA-JARAGUA.zip,14,Vegetação herbáceo-arbustiva,2936
SIRGAS_SHP_vegetacao_pmd_PIRITUBA-JARAGUA.zip,15,Mista,16
SIRGAS_SHP_vegetacao_pmd_SANTANA-TUCURUVI.zip,1,Floresta ombrófila densa secundária em estágio avançado e floresta ombrófila densa primária,20
SIRGAS_SHP_vegetacao_pmd_SANTANA-TUCURUVI.zip,2,Floresta ombrófila densa secundária em estágio médio,16
SIRGAS_SHP_vegetacao_pmd_SANTANA-TUCURUVI.zip,3,Floresta ombrófila densa secundária em estágio inicial,27
SIRGAS_SHP_vegetacao_pmd_SANTANA-TUCURUVI.zip,5,Floresta paludosa e ou de várzea,9
SIRGAS_SHP_vegetacao_pmd_SANTANA-TUCURUVI.zip,7,Vegetação herbáceo-arbustiva de várzea ou de brejo,26
SIRGAS_SHP_vegetacao_pmd_SANTANA-TUCURUVI.zip,8,Vegetação aquática flutuante,14
SIRGAS_SHP_vegetacao_pmd_SANTANA-TUCURUVI.zip,9,Maciços florestais heterogêneos e bosques urbanos,11
SIRGAS_SHP_vegetacao_pmd_SANTANA-TUCURUVI.zip,10,Maciços florestais homogêneos,2
SIRGAS_SHP_vegetacao_pmd_SANTANA-TUCURUVI.zip,11,"Baixa cobertura arbórea, arbóreo-arbustiva e ou arborescente",881
SIRGAS_SHP_vegetacao_pmd_SANTANA-TUCURUVI.zip,13,"Média a alta cobertura arbórea, arbóreo-arbustiva e ou arborescente",5170
SIRGAS_SHP_vegetacao_pmd_SANTANA-TUCURUVI.zip,14,Vegetação herbáceo-arbustiva,709
SIRGAS_SHP_vegetacao_pmd_SANTO_AMARO.zip,8,Vegetação aquática flutuante,1
SIRGAS_SHP_vegetacao_pmd_SANTO_AMARO.zip,9,Maciços florestais heterogêneos e bosques urbanos,2
SIRGAS_SHP_vegetacao_pmd_SANTO_AMARO.zip,10,Maciços florestais homogêneos,1
SIRGAS_SHP_vegetacao_pmd_SANTO_AMARO.zip,11,"Baixa cobertura arbórea, arbóreo-arbustiva e ou arborescente",1247
SIRGAS_SHP_vegetacao_pmd_SANTO_AMARO.zip,13,"Média a alta cobertura arbórea, arbóreo-arbustiva e ou arborescente",12562
SIRGAS_SHP_vegetacao_pmd_SANTO_AMARO.zip,14,Vegetação herbáceo-arbustiva,1222
SIRGAS_SHP_vegetacao_pmd_SAO_MATEUS.zip,2,Floresta ombrófila densa secundária em estágio médio,40
SIRGAS_SHP_vegetacao_pmd_SAO_MATEUS.zip,3,Floresta ombrófila densa secundária em estágio inicial,65
SIRGAS_SHP_vegetacao_pmd_SAO_MATEUS.zip,7,Vegetação herbáceo-arbustiva de várzea ou de brejo,6
SIRGAS_SHP_vegetacao_pmd_SAO_MATEUS.zip,9,Maciços florestais heterogêneos e bosques urbanos,19
SIRGAS_SHP_vegetacao_pmd_SAO_MATEUS.zip,10,Maciços florestais homogêneos,8
SIRGAS_SHP_vegetacao_pmd_SAO_MATEUS.zip,11,"Baixa cobertura arbórea, arbóreo-arbustiva e ou arborescente",1394
SIRGAS_SHP_vegetacao_pmd_SAO_MATEUS.zip,12,Agricultura,65
SIRGAS_SHP_vegetacao_pmd_SAO_MATEUS.zip,13,"Média a alta cobertura arbórea, arbóreo-arbustiva e ou arborescente",3047
SIRGAS_SHP_vegetacao_pmd_SAO_MATEUS.zip,14,Vegetação herbáceo-arbustiva,1271
SIRGAS_SHP_vegetacao_pmd_SAO_MATEUS.zip,15,Mista,25
SIRGAS_SHP_vegetacao_pmd_SAO_MIGUEL.zip,5,Floresta paludosa e ou de várzea,14
SIRGAS_SHP_vegetacao_pmd_SAO_MIGUEL.zip,7,Vegetação herbáceo-arbustiva de várzea ou de brejo,15
SIRGAS_SHP_vegetacao_pmd_SAO_MIGUEL.zip,8,Vegetação aquática flutuante,10
SIRGAS_SHP_vegetacao_pmd_SAO_MIGUEL.zip,10,Maciços florestais homogêneos,5
SIRGAS_SHP_vegetacao_pmd_SAO_MIGUEL.zip,11,"Baixa cobertura arbórea, arbóreo-arbustiva e ou arborescente",767
SIRGAS_SHP_vegetacao_pmd_SAO_MIGUEL.zip,13,"Média a alta cobertura arbórea, arbóreo-arbustiva e ou arborescente",3102
SIRGAS_SHP_vegetacao_pmd_SAO_MIGUEL.zip,14,Vegetação herbáceo-arbustiva,558
SIRGAS_SHP_vegetacao_pmd_SAO_MIGUEL.zip,15,Mista,5
SIRGAS_SHP_vegetacao_pmd_SAPOPEMBA.zip,9,Maciços florestais heterogêneos e bosques urbanos,1
SIRGAS_SHP_vegetacao_pmd_SAPOPEMBA.zip,11,"Baixa cobertura arbórea, arbóreo-arbustiva e ou arborescente",441
SIRGAS_SHP_vegetacao_pmd_SAPOPEMBA.zip,13,"Média a alta cobertura arbórea, arbóreo-arbustiva e ou arborescente",1545
SIRGAS_SHP_vegetacao_pmd_SAPOPEMBA.zip,14,Vegetação herbáceo-arbustiva,239
SIRGAS_SHP_vegetacao_pmd_SE.zip,9,Maciços florestais heterogêneos e bosques urbanos,3
SIRGAS_SHP_vegetacao_pmd_SE.zip,11,"Baixa cobertura arbórea, arbóreo-arbustiva e ou arborescente",626
SIRGAS_SHP_vegetacao_pmd_SE.zip,13,"Média a alta cobertura arbórea, arbóreo-arbustiva e ou arborescente",9996
SIRGAS_SHP_vegetacao_pmd_SE.zip,14,Vegetação herbáceo-arbustiva,717
SIRGAS_SHP_vegetacao_pmd_VILA_MARIA-VILA_GUILHERME.zip,9,Maciços florestais heterogêneos e bosques urbanos,2
SIRGAS_SHP_vegetacao_pmd_VILA_MARIA-VILA_GUILHERME.zip,11,"Baixa cobertura arbórea, arbóreo-arbustiva e ou arborescente",626
SIRGAS_SHP_vegetacao_pmd_VILA_MARIA-VILA_GUILHERME.zip,12,Agricultura,3
SIRGAS_SHP_vegetacao_pmd_VILA_MARIA-VILA_GUILHERME.zip,13,"Média a alta cobertura arbórea, arbóreo-arbustiva e ou arborescente",3375
SIRGAS_SHP_vegetacao_pmd_VILA_MARIA-VILA_GUILHERME.zip,14,Vegetação herbáceo-arbustiva,420
SIRGAS_SHP_vegetacao_pmd_VILA_MARIANA.zip,11,"Baixa cobertura arbórea, arbóreo-arbustiva e ou arborescente",731
SIRGAS_SHP_vegetacao_pmd_VILA_MARIANA.zip,12,Agricultura,1
SIRGAS_SHP_vegetacao_pmd_VILA_MARIANA.zip,13,"Média a alta cobertura arbórea, arbóreo-arbustiva e ou arborescente",13378
SIRGAS_SHP_vegetacao_pmd_VILA_MARIANA.zip,14,Vegetação herbáceo-arbustiva,859
SIRGAS_SHP_vegetacao_pmd_VILA_PRUDENTE.zip,11,"Baixa cobertura arbórea, arbóreo-arbustiva e ou arborescente",415
SIRGAS_SHP_vegetacao_pmd_VILA_PRUDENTE.zip,13,"Média a alta cobertura arbórea, arbóreo-arbustiva e ou arborescente",3323
SIRGAS_SHP_vegetacao_pmd_VILA_PRUDENTE.zip,14,Vegetação herbáceo-arbustiva,354
