arquivo,registros,area_somada_original_m2,area_somada_recortada_m2
SIRGAS_SHP_vegetacao_pmd_ARICANDUVA-FORMOSA-CARRAO.zip,4039,2704582.868366624,2704582.868315763
SIRGAS_SHP_vegetacao_pmd_BUTANTA.zip,20928,21638310.360119127,21444540.004507206
SIRGAS_SHP_vegetacao_pmd_CAMPO_LIMPO.zip,12665,9687111.27308756,9679333.782340694
SIRGAS_SHP_vegetacao_pmd_CAPELA_DO_SOCORRO.zip,12260,62486192.669482164,62486192.66948218
SIRGAS_SHP_vegetacao_pmd_CASA_VERDE-CACHOEIRINHA.zip,4875,8407251.256601622,8399849.626582893
SIRGAS_SHP_vegetacao_pmd_CIDADE_ADEMAR.zip,5648,7537285.153852789,7519042.090008199
SIRGAS_SHP_vegetacao_pmd_CIDADE_TIRADENTES.zip,1964,6443799.886242365,6426525.116933587
SIRGAS_SHP_vegetacao_pmd_ERMELINO_MATARAZZO.zip,2774,2865678.9170082654,2846359.734325353
SIRGAS_SHP_vegetacao_pmd_FREGUESIA-BRASILANDIA.zip,5209,12948770.938298801,12912738.256584514
SIRGAS_SHP_vegetacao_pmd_GUAIANASES.zip,3510,4010980.125261415,4000550.6010881234
SIRGAS_SHP_vegetacao_pmd_IPIRANGA.zip,13657,9356170.180228807,9259987.872453215
SIRGAS_SHP_vegetacao_pmd_ITAIM_PAULISTA.zip,4519,2552996.244768692,2548024.5444327095
SIRGAS_SHP_vegetacao_pmd_ITAQUERA.zip,8454,21692233.420367986,21692233.450037297
SIRGAS_SHP_vegetacao_pmd_JABAQUARA.zip,4228,2183585.326309552,2183272.098826962
SIRGAS_SHP_vegetacao_pmd_JACANA-TREMEMBE.zip,6508,44723318.8936805,44268155.6132943
SIRGAS_SHP_vegetacao_pmd_LAPA.zip,17132,8469598.508591356,8469123.777645448
SIRGAS_SHP_vegetacao_pmd_M'BOI_MIRIM.zip,7737,21960118.032673266,21296288.78856828
SIRGAS_SHP_vegetacao_pmd_MOOCA.zip,12248,4349251.850776282,4349251.850776283
SIRGAS_SHP_vegetacao_pmd_PARELHEIROS.zip,12998,329844230.2830951,328982822.0872876
SIRGAS_SHP_vegetacao_pmd_PENHA.zip,7850,9798397.137531325,7729314.039193104
SIRGAS_SHP_vegetacao_pmd_PERUS.zip,5832,43313466.39994805,42864000.35790064
SIRGAS_SHP_vegetacao_pmd_PINHEIROS.zip,16472,9071836.393622767,9071836.393622754
SIRGAS_SHP_vegetacao_pmd_PIRITUBA-JARAGUA.zip,15470,26047213.35675271,25785641.0329365
SIRGAS_SHP_vegetacao_pmd_SANTANA-TUCURUVI.zip,6885,12991228.637794668,12978601.048797317
SIRGAS_SHP_vegetacao_pmd_SANTO_AMARO.zip,15035,11086904.552257415,11086904.552257327
SIRGAS_SHP_vegetacao_pmd_SAO_MATEUS.zip,5940,17275480.052662045,17127994.966414623
SIRGAS_SHP_vegetacao_pmd_SAO_MIGUEL.zip,4476,4924424.902960645,4912727.84184175
SIRGAS_SHP_vegetacao_pmd_SAPOPEMBA.zip,2226,1442224.669624047,1441181.964031864
SIRGAS_SHP_vegetacao_pmd_SE.zip,11342,4392970.9382736515,4392970.938273557
SIRGAS_SHP_vegetacao_pmd_VILA_MARIA-VILA_GUILHERME.zip,4426,3153562.846272049,3153562.8761165384
SIRGAS_SHP_vegetacao_pmd_VILA_MARIANA.zip,14969,6123338.721603084,6123338.721603017
SIRGAS_SHP_vegetacao_pmd_VILA_PRUDENTE.zip,4092,2454751.8257597536,2438595.6736367936
