codigo_subprefeitura,tipo,comprimento_uniao_km,densidade_km_por_km2
01,Trecho canalizado a céu aberto,0.31664713239743886,0.00556595747871696
01,Trecho canalizado subterrâneo,5.108866588993133,0.08980259503213342
01,Trecho em estado natural,172.7983768581716,3.0374139525656765
01,Trecho em lago ou reservatório,3.6378974161090065,0.06394620464960447
02,Trecho canalizado a céu aberto,3.7394320268772345,0.06796522106315114
02,Trecho canalizado subterrâneo,49.324739273936615,0.8964909067848269
02,Trecho em estado natural,103.67223037592056,1.884271730296302
02,Trecho em lago ou reservatório,2.3206455013750893,0.042178379865318305
03,Trecho canalizado a céu aberto,1.6546638505189422,0.05174349078809816
03,Trecho canalizado subterrâneo,47.78475390734988,1.494291407188865
03,Trecho em estado natural,52.74820635629398,1.6495050211132616
03,Trecho em lago ou reservatório,0.22173905668358365,0.006934068713273821
04,Trecho canalizado a céu aberto,7.153542146957204,0.2627082000251903
04,Trecho canalizado subterrâneo,46.68137694963767,1.7143367944442878
04,Trecho em estado natural,34.746159155204545,1.2760253231100704
04,Trecho em lago ou reservatório,0.5957549200096425,0.021878630121506537
05,Trecho canalizado a céu aberto,4.458343700750561,0.12461017556927192
05,Trecho canalizado subterrâneo,64.99662436408829,1.8166479116573166
05,Trecho em estado natural,36.89204118520005,1.0311281582940015
05,Trecho em lago ou reservatório,0.6030965668640109,0.01685647723155524
06,Trecho canalizado a céu aberto,5.932094362942109,0.09111454039934534
06,Trecho canalizado subterrâneo,41.91960462936458,0.6438679622811148
06,Trecho em estado natural,182.1816307471196,2.7982352503398706
06,Trecho em lago ou reservatório,2.800283110778975,0.04301120194927779
07,Trecho canalizado a céu aberto,12.180054675405513,0.4528723468779451
07,Trecho canalizado subterrâneo,18.620886657045375,0.6923519529310812
07,Trecho em estado natural,5.455411711690457,0.2028402310908699
07,Trecho em lago ou reservatório,0.0,0.0
08,Trecho canalizado a céu aberto,12.09231182786277,0.2975694672299493
08,Trecho canalizado subterrâneo,77.72814037772201,1.912746019969403
08,Trecho em estado natural,6.092803639971786,0.14993264802397513
08,Trecho em lago ou reservatório,0.0,0.0
09,Trecho canalizado a céu aberto,5.54852795927776,0.2081015929112684
09,Trecho canalizado subterrâneo,57.80108007228169,2.1678717172039477
09,Trecho em estado natural,0.1647446153016639,0.006178867101228954
09,Trecho em lago ou reservatório,0.23593516117933155,0.008848920511087556
10,Trecho canalizado a céu aberto,13.779741873674842,0.24473760679373813
10,Trecho canalizado subterrâneo,99.63362969975292,1.7695611653999859
10,Trecho em estado natural,42.45067990531717,0.7539530059443484
10,Trecho em lago ou reservatório,0.38390441950449805,0.0068184041274797534
11,Trecho canalizado a céu aberto,5.9433252161584855,0.1857787405227463
11,Trecho canalizado subterrâneo,56.952709498878384,1.7802496506994667
11,Trecho em estado natural,0.0,0.0
11,Trecho em lago ou reservatório,0.0,0.0
12,Trecho canalizado a céu aberto,4.970424522025723,0.1842150893767134
12,Trecho canalizado subterrâneo,59.316553361836654,2.1984046092336538
12,Trecho em estado natural,0.0,0.0
12,Trecho em lago ou reservatório,1.437790593587327,0.053287746656042384
13,Trecho canalizado a céu aberto,8.265960409385036,0.22047137282391238
13,Trecho canalizado subterrâneo,37.93334345337142,1.0117658315264018
13,Trecho em estado natural,19.986310406706664,0.5330789254747096
13,Trecho em lago ou reservatório,3.1067674729531762,0.08286433225944068
14,Trecho canalizado a céu aberto,12.510603982910133,0.3314700413441706
14,Trecho canalizado subterrâneo,61.85763781264177,1.6389259696189027
14,Trecho em estado natural,6.015851205337525,0.15939074168422038
14,Trecho em lago ou reservatório,0.0,0.0
15,Trecho canalizado a céu aberto,0.7180049402466346,0.05125548674478532
15,Trecho canalizado subterrâneo,29.13832764091137,2.0800680920815497
15,Trecho em estado natural,5.768379929649695,0.4117814578288084
15,Trecho em lago ou reservatório,0.469962730090426,0.03354875033926461
16,Trecho canalizado a céu aberto,2.3484079578386696,0.07622917202483186
16,Trecho canalizado subterrâneo,36.33834467117277,1.1795403425501236
16,Trecho em estado natural,26.007429913931578,0.8441995106580383
16,Trecho em lago ou reservatório,24.941695213607694,0.809605830487328
17,Trecho canalizado a céu aberto,12.108914728867957,0.3301794770493205
17,Trecho canalizado subterrâneo,57.79371290787746,1.5758883708354858
17,Trecho em estado natural,23.243790145509337,0.6337993657343981
17,Trecho em lago ou reservatório,0.0,0.0
18,Trecho canalizado a céu aberto,9.87835239941427,0.15827929328748136
18,Trecho canalizado subterrâneo,43.92817676346458,0.7038542959796618
18,Trecho em estado natural,36.58227535612578,0.5861520682901493
18,Trecho em lago ou reservatório,27.80744505545439,0.4455543367504042
19,Trecho canalizado a céu aberto,12.236068958440676,0.09211552991984336
19,Trecho canalizado subterrâneo,46.05019061247398,0.34667487782108863
19,Trecho em estado natural,150.67039577072458,1.1342763265549236
19,Trecho em lago ou reservatório,149.62558046457312,1.1264107517595057
20,Trecho canalizado a céu aberto,4.756086098566181,0.013188036823626015
20,Trecho canalizado subterrâneo,11.905315048691836,0.03301196193785265
20,Trecho em estado natural,1871.598858740889,5.189711488943057
20,Trecho em lago ou reservatório,110.40622069341387,0.3061427555949998
21,Trecho canalizado a céu aberto,13.97005753238961,0.3456152632677747
21,Trecho canalizado subterrâneo,58.60613603552997,1.449899192473978
21,Trecho em estado natural,17.28474259207219,0.42761963203260367
21,Trecho em lago ou reservatório,0.07978220352949969,0.00197378909950807
22,Trecho canalizado a céu aberto,2.0795200341593447,0.13027345302061924
22,Trecho canalizado subterrâneo,18.746621745547028,1.1743994321512294
22,Trecho em estado natural,18.64354818614239,1.167942293831715
22,Trecho em lago ou reservatório,0.0,0.0
23,Trecho canalizado a céu aberto,4.342777644792675,0.16605764564291273
23,Trecho canalizado subterrâneo,30.38866194078884,1.1619912574102538
23,Trecho em estado natural,28.98679794535738,1.1083872616192079
23,Trecho em lago ou reservatório,0.0,0.0
24,Trecho canalizado a céu aberto,9.172080930570027,0.4246775480302309
24,Trecho canalizado subterrâneo,44.43206664603907,2.0572541018762016
24,Trecho em estado natural,13.543276731370561,0.6270687751351844
24,Trecho em lago ou reservatório,0.0,0.0
25,Trecho canalizado a céu aberto,4.773769618340451,0.13245210193675958
25,Trecho canalizado subterrâneo,44.03431610333853,1.221767741540588
25,Trecho em estado natural,0.7665404658494162,0.021268285660721472
25,Trecho em lago ou reservatório,0.0,0.0
26,Trecho canalizado a céu aberto,11.399508254854469,0.5104706012321016
26,Trecho canalizado subterrâneo,29.724035054656063,1.3310439105066514
26,Trecho em estado natural,3.532186501352476,0.1581715041297043
26,Trecho em lago ou reservatório,0.0,0.0
27,Trecho canalizado a céu aberto,8.046744298675014,0.14599860505671242
27,Trecho canalizado subterrâneo,53.24465437979464,0.9660609282013357
27,Trecho em estado natural,90.33118192054475,1.638951862269967
27,Trecho em lago ou reservatório,2.3129132130758934,0.041965059431790595
28,Trecho canalizado a céu aberto,2.182920681180423,0.12284248273291376
28,Trecho canalizado subterrâneo,20.056552598765244,1.1286698309914258
28,Trecho em estado natural,33.40554783526483,1.8798761075084025
28,Trecho em lago ou reservatório,0.03868721114032111,0.0021770983744217346
29,Trecho canalizado a céu aberto,4.889704023329024,0.2547182622050444
29,Trecho canalizado subterrâneo,35.19362758697821,1.8333338003438882
29,Trecho em estado natural,2.4567592383489045,0.12797941160912535
29,Trecho em lago ou reservatório,0.0,0.0
30,Trecho canalizado a céu aberto,18.50207404616656,0.40843972179417676
30,Trecho canalizado subterrâneo,39.4452358556292,0.8707673052641852
30,Trecho em estado natural,93.25331485639806,2.0585993700648664
30,Trecho em lago ou reservatório,0.6277826782898007,0.013858521040835159
31,Trecho canalizado a céu aberto,0.0,0.0
31,Trecho canalizado subterrâneo,19.966394393077966,1.3369187305269392
31,Trecho em estado natural,37.72892270249135,2.5262700140317116
31,Trecho em lago ou reservatório,0.5496417206515494,0.03680315518924462
32,Trecho canalizado a céu aberto,3.3542704195935875,0.24609493472446958
32,Trecho canalizado subterrâneo,21.315540662243507,1.5638711050992633
32,Trecho em estado natural,7.4329638666818845,0.5453390838422777
32,Trecho em lago ou reservatório,0.0,0.0
