codigo_subprefeitura,nome_subprefeitura,area_km2,area_mapeada_vegetacao_m2,pct_area_mapeada_vegetacao,sobreposicao_entre_categorias_m2,ano_voo_vegetacao,rede_mapeada_km,densidade_rede_km_por_km2,trechos_intersectando,atualizacao_cadastro_drenagem,pct_area_categoria_vegetacao_01,pct_area_categoria_vegetacao_02,pct_area_categoria_vegetacao_03,pct_area_categoria_vegetacao_04,pct_area_categoria_vegetacao_05,pct_area_categoria_vegetacao_06,pct_area_categoria_vegetacao_07,pct_area_categoria_vegetacao_08,pct_area_categoria_vegetacao_09,pct_area_categoria_vegetacao_10,pct_area_categoria_vegetacao_11,pct_area_categoria_vegetacao_12,pct_area_categoria_vegetacao_13,pct_area_categoria_vegetacao_14,pct_area_categoria_vegetacao_15,referencia_limites,uso_temporal
01,PERUS-ANHANGUERA,56.88996612141402,42849737.214269355,75.32037745077903,1.2479842454195023,2017,181.8617879956712,3.196728709726132,882,2026-08-19 03:00:00+00:00,0.0,8.975191062044733,2.139715332353429,0.0,0.8242224632128196,0.0,0.4794797214854399,0.0,4.5440684520913175,17.734824388301334,21.918845363127527,0.2048630824169241,12.041500770571892,2.429231015991544,4.028437992862836,cadastro GeoSampa subprefeitura_v2 baixado em 2026,snapshot_descritivo_nao_validado_como_historico
02,PIRITUBA-JARAGUA,55.019787596992764,25712073.129282143,46.732410742144516,116617.63985176012,2017,159.0570471781095,2.8909062380095985,855,2026-08-19 03:00:00+00:00,0.03294471473882669,8.250863414885087,3.497919613088894,0.0,0.08934876598923465,0.0,0.17773410657038594,0.0021660647234944775,3.2397272829110997,0.8157327736450516,8.922941846896311,0.0477586234027646,18.422932699486946,2.1522621915500384,1.2920344604183038,cadastro GeoSampa subprefeitura_v2 baixado em 2026,snapshot_descritivo_nao_validado_como_historico
03,FREGUESIA-BRASILANDIA,31.97820296460442,12883947.786962481,40.289780514631424,0.0,2017,102.40936317084625,3.2024739878034945,439,2026-08-19 03:00:00+00:00,11.658349267139375,10.480480340524577,1.8386104453135343,0.0,0.8150232529056017,0.0,0.7293339994104131,0.0,1.7912901078258958,0.5845918713519251,5.196600871380169,0.005258965586988012,6.609970648820189,0.4103060170070674,0.16996472736567717,cadastro GeoSampa subprefeitura_v2 baixado em 2026,snapshot_descritivo_nao_validado_como_historico
04,CASA VERDE-LIMAO-CACHOEIRINHA,27.229991855112523,8399802.224773759,30.84761196208976,0.0,2017,89.17683317180908,3.274948947701056,397,2026-08-19 03:00:00+00:00,6.553334337663237,8.350941151397334,2.8550450051627894,0.0,0.3058727629337555,0.0,0.1603633570625958,0.0,0.2846953199225617,0.001965172902457032,3.8314204334445323,0.011477492375368548,7.999961382508318,0.492535546716812,0.0,cadastro GeoSampa subprefeitura_v2 baixado em 2026,snapshot_descritivo_nao_validado_como_historico
05,SANTANA-TUCURUVI,35.77832773594101,12978667.566248335,36.275221307257056,0.0257636159658432,2017,106.95010581690283,2.989242722752143,388,2026-08-19 03:00:00+00:00,4.289128001839366,6.046188555190576,1.4205964217892186,0.0,0.40728176293270796,0.0,0.21786603475929292,0.028468983617900893,5.469865710117247,0.392413126775013,3.716021218480091,0.0,12.845275159995975,1.4421164037686627,0.0,cadastro GeoSampa subprefeitura_v2 baixado em 2026,snapshot_descritivo_nao_validado_como_historico
06,JACANA-TREMEMBE,65.1059022735819,44267685.04396011,67.99335159805113,338.12389497458935,2017,232.83361285020501,3.5762289549696047,1110,2026-08-19 03:00:00+00:00,21.332430372539477,18.91562356688171,5.542976081847499,0.0,0.5782659427580685,0.0,0.7278133677631049,0.005100944600850294,2.0683065915044527,0.1916913348923689,5.470701796894704,0.24050793954284513,11.305423793945312,1.1801238946937864,0.4349053146444585,cadastro GeoSampa subprefeitura_v2 baixado em 2026,snapshot_descritivo_nao_validado_como_historico
07,VILA MARIA-VILA GUILHERME,26.895116823479164,3153614.6659153723,11.725603151730127,0.0,2017,36.256353044141306,1.3480645308998949,104,2026-08-19 03:00:00+00:00,0.0,0.0,0.0,0.0,0.0,0.0,0.0,0.0,0.19153268995801473,0.0,3.857837424313491,0.11995112661080617,6.634726743564476,0.9215551672833354,0.0,cadastro GeoSampa subprefeitura_v2 baixado em 2026,snapshot_descritivo_nao_validado_como_historico
08,LAPA,40.63693745339247,8469123.777827648,20.84094990559045,0.0,2017,95.9132558455566,2.3602481352233284,312,2026-08-19 03:00:00+00:00,0.0,0.0,0.0,0.0,0.0,0.0,0.003443960116872134,0.0,0.21831623514328255,0.0,4.25672115338013,0.006789036620376006,15.132860498166483,1.2228190221633002,0.0,cadastro GeoSampa subprefeitura_v2 baixado em 2026,snapshot_descritivo_nao_validado_como_historico
09,SE,26.662592446582448,4392970.938342556,16.476158299849185,0.0,2017,63.75028780804043,2.391001097727532,113,2026-08-19 03:00:00+00:00,0.0,0.0,0.0,0.0,0.0,0.0,0.0,0.0,0.0017791203124242812,0.0,1.407152949006758,0.0,14.529920441741963,0.5373057887880414,0.0,cadastro GeoSampa subprefeitura_v2 baixado em 2026,snapshot_descritivo_nao_validado_como_historico
10,BUTANTA,56.30414571017784,21421935.174046185,38.046816808684554,0.0,2017,156.24795589824947,2.775070182265553,715,2026-08-19 03:00:00+00:00,0.0,0.0,0.0,0.0,0.0,0.0,0.0,0.00020733951424177518,5.185184462694222,0.0,6.366535277113398,0.0025186213778070742,25.02009967858484,1.4722714293998929,0.0,cadastro GeoSampa subprefeitura_v2 baixado em 2026,snapshot_descritivo_nao_validado_como_historico
11,PINHEIROS,31.991417314139877,9071836.393614637,28.357094356069616,0.0,2017,62.89603471503686,1.9660283912222127,132,2026-08-19 03:00:00+00:00,0.0,0.0,0.0,0.0,0.0,0.0,0.0,0.0,0.13517660402598586,0.0,2.7186341360759614,0.0,24.419430022156117,1.0838535938114606,0.0,cadastro GeoSampa subprefeitura_v2 baixado em 2026,snapshot_descritivo_nao_validado_como_historico
12,VILA MARIANA,26.98163618866953,6122217.667915793,22.690312867263078,4.377216100692749e-08,2017,65.72476847744969,2.435907445266409,183,2026-08-19 03:00:00+00:00,0.0,0.0,0.0,0.0,0.0,0.0,0.0,0.0,0.0,0.0,1.306489504610804,0.002101923190087098,20.686028805834276,0.6956926336280738,0.0,cadastro GeoSampa subprefeitura_v2 baixado em 2026,snapshot_descritivo_nao_validado_como_historico
13,IPIRANGA,37.4922163522198,9261105.5354407,24.701408549543853,2.5227783862501383,2017,69.29238174241625,1.848180462084463,270,2026-08-19 03:00:00+00:00,0.08040439993255616,2.9541936161828324,4.1317342259253405,0.0,0.0,0.0,0.10354926093111683,0.004450503567241892,2.07155079746338,0.0,3.0590922435291024,0.0016215525860019666,11.286835028829799,1.0079836494021692,0.0,cadastro GeoSampa subprefeitura_v2 baixado em 2026,snapshot_descritivo_nao_validado_como_historico
14,SANTO AMARO,37.74278946048152,11076342.152981779,29.346909201237583,1.862645149230957e-09,2017,80.38409300088945,2.129786752647294,265,2026-08-19 03:00:00+00:00,0.0,0.0,0.0,0.0,0.0,0.0,0.0,0.00103523891016776,0.2412454460379176,0.04205110481057827,3.7909664040860505,0.0,22.845538352381656,2.426072655011218,0.0,cadastro GeoSampa subprefeitura_v2 baixado em 2026,snapshot_descritivo_nao_validado_como_historico
15,JABAQUARA,14.00835278029398,2183355.852522688,15.586099856037949,0.9805300259031355,2017,36.09467524089814,2.576653786994409,153,2026-08-19 03:00:00+00:00,0.0,0.023467781954485623,0.030862771428484183,0.0,0.0,0.0,0.0,0.0,0.6488764850324651,0.0,3.6051565367529173,0.0,10.603537224350193,0.6742060561291459,0.0,cadastro GeoSampa subprefeitura_v2 baixado em 2026,snapshot_descritivo_nao_validado_como_historico
16,CIDADE ADEMAR,30.807207994777507,7529520.360923365,24.440774906313425,0.0,2017,89.63587775655081,2.9095748557203254,425,2026-08-19 03:00:00+00:00,0.0,1.097516632655203,0.6981718588881448,0.0,0.1006581491568094,0.0,0.7914650851038741,0.3070240656128835,1.8006852015638808,0.3310521256008439,4.81762288017333,0.035736577457157886,13.24072961677669,0.657927626815707,0.5621850865088385,cadastro GeoSampa subprefeitura_v2 baixado em 2026,snapshot_descritivo_nao_validado_como_historico
17,CAMPO LIMPO,36.673735257807046,9679389.584891949,26.393247147715655,0.0,2017,93.14641778225464,2.5398672136192015,479,2026-08-19 03:00:00+00:00,0.0,0.0,0.0,0.0,0.0,0.0,0.0,0.0,1.3277575612402432,0.020990237331865263,4.817430455335841,0.0005963527776609593,18.868468067452618,1.358004473577293,0.0,cadastro GeoSampa subprefeitura_v2 baixado em 2026,snapshot_descritivo_nao_validado_como_historico
18,M BOI MIRIM,62.41089528667721,21296232.985952165,34.12262055868673,9.313225746154785e-08,2017,118.19624957445912,1.8938399943076982,570,2026-08-19 03:00:00+00:00,0.0,2.523138936922951,2.670939525077298,0.0,0.5394721938368718,0.0,1.5641338870694859,0.07768011388611272,2.5974195472007837,0.5547713957706945,8.56860209402587,0.11146142692099827,13.834940043520122,0.7173101419202963,0.36275125253538915,cadastro GeoSampa subprefeitura_v2 baixado em 2026,snapshot_descritivo_nao_validado_como_historico
19,CAPELA DO SOCORRO,132.83394199749162,62486202.00181452,47.04083991047596,5.960464477539063e-08,2017,358.58223580621205,2.699477486055359,2133,2026-08-19 03:00:00+00:00,1.3719895269100657,7.572637071879187,3.826752793660185,0.0,0.2719821484002727,0.0,1.6835655916182408,0.30662078144623334,1.45821721710373,0.581159861109375,10.900002848966992,1.6558404734001795,11.600154781584544,1.0319625360391254,4.779954278357869,cadastro GeoSampa subprefeitura_v2 baixado em 2026,snapshot_descritivo_nao_validado_como_historico
20,PARELHEIROS,360.6363981366643,328978879.73330843,91.2217628151446,3335.8557797670364,2017,1998.666480581557,5.542054243299524,14747,2026-08-19 03:00:00+00:00,14.72946068273282,22.283108008091972,11.270481279367306,8.977312516634301,0.5216132532427202,1.4716972761588547,1.671867487674641,0.05904824279079225,2.4655201330267262,1.6844889072579103,10.489902582697804,2.413543852154399,7.028892447252654,1.0974820495360607,5.058269087956625,cadastro GeoSampa subprefeitura_v2 baixado em 2026,snapshot_descritivo_nao_validado_como_historico
21,PENHA,40.42083500683225,7725088.142791699,19.1116490826722,7.548369467258453e-06,2017,89.94071836352144,2.2251078768738686,360,2026-08-19 03:00:00+00:00,0.0,0.0,0.0,0.0,0.5583904302366853,0.0,0.6889980229845748,0.13921803590896342,0.02784005858368941,0.0,5.28298114039798,0.0036860661699573615,8.125053209426081,0.8658066907238955,3.4196754282590462,cadastro GeoSampa subprefeitura_v2 baixado em 2026,snapshot_descritivo_nao_validado_como_historico
22,ERMELINO MATARAZZO,15.96273059431537,2849099.393698141,17.848446272173252,0.0,2017,39.46968996584877,2.472615179003564,219,2026-08-19 03:00:00+00:00,0.0,0.0,0.0,0.0,0.8142852967908487,0.0,0.4029040802576815,0.09553987145517528,0.9205259339703118,0.0,3.3267816078017205,0.0013141536206400138,8.795041996615598,0.31870300205290597,3.1733503296083185,cadastro GeoSampa subprefeitura_v2 baixado em 2026,snapshot_descritivo_nao_validado_como_historico
23,SAO MIGUEL,26.152229413942816,4913532.2200565105,18.78819638006428,1.4901161193847656e-08,2017,63.71823753093892,2.4364361646723753,295,2026-08-19 03:00:00+00:00,0.0,0.0,0.0,0.0,0.6064235276776461,0.0,0.9761637734756099,0.04201867615723769,0.0,0.510954602804411,8.376085538808539,0.0,6.3678748265748375,1.23189963265107,0.6767758019149827,cadastro GeoSampa subprefeitura_v2 baixado em 2026,snapshot_descritivo_nao_validado_como_historico
24,ITAIM PAULISTA,21.59775333806229,2547028.482828719,11.793025149240979,0.0,2017,67.14742430797968,3.1090004250416174,373,2026-08-19 03:00:00+00:00,0.0,0.0,0.0,0.0,0.0,0.0,0.0,0.0,0.0,0.0,4.475328201833753,0.08895319871500015,6.255422078532148,0.973321670160064,0.0,cadastro GeoSampa subprefeitura_v2 baixado em 2026,snapshot_descritivo_nao_validado_como_historico
25,MOOCA,36.041478757503825,4349251.850804059,12.067351287295741,1.9946135580539703e-05,2017,49.574626187528395,1.3754881291380692,98,2026-08-19 03:00:00+00:00,0.0,0.0,0.0,0.0,0.0,0.0,0.0,0.0,0.0,0.0,2.520040151316579,0.0,8.74914890265506,0.7981622333794453,0.0,cadastro GeoSampa subprefeitura_v2 baixado em 2026,snapshot_descritivo_nao_validado_como_historico
26,ARICANDUVA-FORMOSA-CARRAO,22.331370753457595,2704709.9637729875,12.111705965717372,6.05359673500061e-09,2017,44.655729810863,1.999686015868457,138,2026-08-19 03:00:00+00:00,0.0,0.0,0.0,0.0,0.0,0.0,0.0,0.0,0.0,0.0,3.518033694869581,0.0,8.000358566972066,0.5933137038757509,0.0,cadastro GeoSampa subprefeitura_v2 baixado em 2026,snapshot_descritivo_nao_validado_como_historico
27,ITAQUERA,55.115213570357724,21716737.449489195,39.40243726310982,4.842877388000488e-08,2017,153.93549381209053,2.79297645495981,714,2026-08-19 03:00:00+00:00,0.0,4.600316444622691,3.0841398569780485,0.0,0.016694227461635677,0.0,0.10668696008243879,0.0,1.1547187440907942,0.7860787495518833,11.205720829868593,0.06595332783896811,14.185411236540169,1.0172596894039954,3.179457196670691,cadastro GeoSampa subprefeitura_v2 baixado em 2026,snapshot_descritivo_nao_validado_como_historico
28,GUAIANASES,17.77007947589733,4000962.0384349576,22.515161194758374,0.0,2017,55.683708326350825,3.1335655196071643,402,2026-08-19 03:00:00+00:00,0.0,0.0,0.0,0.0,0.0,0.0,0.16366523708336903,0.0,0.04481828579862219,0.0,13.380739544621946,0.007193751895296792,8.115513318400074,0.8032310569590062,0.0,cadastro GeoSampa subprefeitura_v2 baixado em 2026,snapshot_descritivo_nao_validado_como_historico
29,VILA PRUDENTE,19.19651924836424,2438595.673596753,12.703322107754241,0.0,2017,42.54009084865616,2.216031474158059,134,2026-08-19 03:00:00+00:00,0.0,0.0,0.0,0.0,0.0,0.0,0.0,0.0,0.0,0.0,3.151645393482903,0.0,8.997125518750943,0.5545511955203258,0.0,cadastro GeoSampa subprefeitura_v2 baixado em 2026,snapshot_descritivo_nao_validado_como_historico
30,SAO MATEUS,45.299399296648794,17104846.070348673,37.75954281056895,1.2803822755813599e-05,2017,151.8284074364836,3.351664918164063,939,2026-08-19 03:00:00+00:00,0.0,4.33580077430197,1.8024508970026705,0.0,0.0,0.0,0.05137536761122837,0.0,0.8474792520373242,0.0020604208456049453,17.361437881990632,0.4659865987296579,7.728592715471962,2.256330778748054,2.9080281238581165,cadastro GeoSampa subprefeitura_v2 baixado em 2026,snapshot_descritivo_nao_validado_como_historico
31,CIDADE TIRADENTES,14.934635843727255,6426527.531121758,43.03102933588424,1.3969838619232178e-08,2017,58.24495881622091,3.899991899747898,355,2026-08-19 03:00:00+00:00,0.0,5.414326175510865,1.7884340345835026,0.0,0.0,0.0,0.0,0.0,2.2144057562108275,0.22143476479023966,21.82843174257648,0.0,8.716225781813787,1.0029983163034957,1.844772764095137,cadastro GeoSampa subprefeitura_v2 baixado em 2026,snapshot_descritivo_nao_validado_como_historico
32,SAPOPEMBA,13.629985612459123,1440963.8340209872,10.57201287654924,0.0,2017,32.10277494851898,2.3553051236660103,128,2026-08-19 03:00:00+00:00,0.0,0.0,0.0,0.0,0.0,0.0,0.0,0.0,0.30648449901316066,0.0,4.154890914875902,0.0,5.484146100295638,0.626491362364538,0.0,cadastro GeoSampa subprefeitura_v2 baixado em 2026,snapshot_descritivo_nao_validado_como_historico
