codigo_subprefeitura,categoria,area_uniao_m2,percentual_area_subprefeitura
01,1,0.0,0.0
01,2,5105983.154529427,8.975191062044733
01,3,1217283.3276705672,2.139715332353429
01,4,0.0,0.0
01,5,468899.8800868571,0.8242224632128196
01,6,0.0,0.0
01,7,272775.85111211706,0.4794797214854399
01,8,0.0,0.0
01,9,2585119.0029286128,4.5440684520913175
01,10,10089335.5861969,17.734824388301334
01,11,12469623.701288378,21.918845363127527
01,12,116546.53818227262,0.2048630824169241
01,13,6850405.708888157,12.041500770571892
01,14,1381988.702008471,2.429231015991544
01,15,2291777.0093618385,4.028437992862836
02,1,18126.11207373761,0.03294471473882669
02,2,4539607.525787759,8.250863414885087
02,3,1924547.9414350605,3.497919613088894
02,4,0.0,0.0
02,5,49159.501267811014,0.08934876598923465
02,6,0.0,0.0
02,7,97788.92792243909,0.17773410657038594
02,8,1191.7642100800501,0.0021660647234944775
02,9,1782491.0697795118,3.2397272829110997
02,10,448814.43941856513,0.8157327736450516
02,11,4909383.651565533,8.922941846896311
02,12,26276.69315544876,0.0477586234027646
02,13,10136258.440394642,18.422932699486946
02,14,1184170.0863212126,2.1522621915500384
02,15,710874.6158021023,1.2920344604183038
03,1,3728130.5909683015,11.658349267139375
03,2,3351469.2749584136,10.480480340524577
03,3,587954.5799307792,1.8386104453135343
03,4,0.0,0.0
03,5,260629.79002287454,0.8150232529056017
03,6,0.0,0.0
03,7,233227.90662132876,0.7293339994104131
03,8,0.0,0.0
03,9,572822.3863654464,1.7912901078258958
03,10,186941.97513549778,0.5845918713519251
03,11,1661779.5739103525,5.196600871380169
03,12,1681.7226892457268,0.005258965586988012
03,13,2113749.8299805,6.609970648820189
03,14,131208.49089450436,0.4103060170070674
03,15,54351.6654852328,0.16996472736567717
04,1,1784472.4063839917,6.553334337663237
04,2,2273960.595350734,8.350941151397334
04,3,777428.5223656244,2.8550450051627894
04,4,0.0,0.0
04,5,83289.12843386925,0.3058727629337555
04,6,0.0,0.0
04,7,43666.929066729856,0.1603633570625958
04,8,0.0,0.0
04,9,77522.5124268001,0.2846953199225617
04,10,535.1164212779282,0.001965172902457032
04,11,1043295.471962063,3.8314204334445323
04,12,3125.320238984016,0.011477492375368548
04,13,2178388.8328691623,7.999961382508318
04,14,134117.38925452184,0.492535546716812
04,15,0.0,0.0
05,1,1534578.2735121066,4.289128001839366
05,2,2163225.1568090413,6.046188555190576
05,3,508265.6435927976,1.4205964217892186
05,4,0.0,0.0
05,5,145718.6039507826,0.40728176293270796
05,6,0.0,0.0
05,7,77948.82394147899,0.21786603475929292
05,8,10185.72626190394,0.028468983617900893
05,9,1957026.4804816062,5.469865710117247
05,10,140398.85457641786,0.392413126775013
05,11,1329530.2502849156,3.716021218480091
05,12,0.0,0.0
05,13,4595824.645326781,12.845275159995975
05,14,515965.13327411853,1.4421164037686627
05,15,0.0,0.0
06,1,13888671.270925459,21.332430372539477
06,2,12315187.393892635,18.91562356688171
06,3,3608804.5908956523,5.542976081847499
06,4,0.0,0.0
06,5,376485.2595734752,0.5782659427580685
06,6,0.0,0.0
06,7,473849.4599499124,0.7278133677631049
06,8,3321.016006859145,0.005100944600850294
06,9,1346589.668182942,2.0683065915044527
06,10,124802.3731619503,0.1916913348923689
06,11,3561749.7655653553,5.470701796894704
06,12,156584.86407897022,0.24050793954284513
06,13,7360498.166900311,11.305423793945312
06,14,768330.3095865253,1.1801238946937864
06,15,283149.02913503506,0.4349053146444585
07,1,0.0,0.0
07,2,0.0,0.0
07,3,0.0,0.0
07,4,0.0,0.0
07,5,0.0,0.0
07,6,0.0,0.0
07,7,0.0,0.0
07,8,0.0,0.0
07,9,51512.9407193602,0.19153268995801473
07,10,0.0,0.0
07,11,1037569.882129013,3.857837424313491
07,12,32260.995633055725,0.11995112661080617
07,13,1784417.5086002809,6.634726743564476
07,14,247853.3388336619,0.9215551672833354
07,15,0.0,0.0
08,1,0.0,0.0
08,2,0.0,0.0
08,3,0.0,0.0
08,4,0.0,0.0
08,5,0.0,0.0
08,6,0.0,0.0
08,7,1399.5199186131115,0.003443960116872134
08,8,0.0,0.0
08,9,88717.03192577696,0.21831623514328255
08,10,0.0,0.0
08,11,1729801.11266441,4.25672115338013
08,12,2758.856565110107,0.006789036620376006
08,13,6149531.05554905,15.132860498166483
08,14,496916.2012046856,1.2228190221633002
08,15,0.0,0.0
09,1,0.0,0.0
09,2,0.0,0.0
09,3,0.0,0.0
09,4,0.0,0.0
09,5,0.0,0.0
09,6,0.0,0.0
09,7,0.0,0.0
09,8,0.0,0.0
09,9,474.35959803605044,0.0017791203124242812
09,10,0.0,0.0
09,11,375183.4558937381,1.407152949006758
09,12,0.0,0.0
09,13,3874053.4701943314,14.529920441741963
09,14,143259.65265645058,0.5373057887880414
09,15,0.0,0.0
10,1,0.0,0.0
10,2,0.0,0.0
10,3,0.0,0.0
10,4,0.0,0.0
10,5,0.0,0.0
10,6,0.0,0.0
10,7,0.0,0.0
10,8,116.74074221346403,0.00020733951424177518
10,9,2919473.8152168565,5.185184462694222
10,10,0.0,0.0
10,11,3584623.299115802,6.366535277113398
10,12,1418.0882504481838,0.0025186213778070742
10,13,14087353.379862146,25.02009967858484
10,14,828949.8508586336,1.4722714293998929
10,15,0.0,0.0
11,1,0.0,0.0
11,2,0.0,0.0
11,3,0.0,0.0
11,4,0.0,0.0
11,5,0.0,0.0
11,6,0.0,0.0
11,7,0.0,0.0
11,8,0.0,0.0
11,9,43244.91150503554,0.13517660402598586
11,10,0.0,0.0
11,11,869729.5917167221,2.7186341360759614
11,12,0.0,0.0
11,13,7812121.764122323,24.419430022156117
11,14,346740.12627052685,1.0838535938114606
11,15,0.0,0.0
12,1,0.0,0.0
12,2,0.0,0.0
12,3,0.0,0.0
12,4,0.0,0.0
12,5,0.0,0.0
12,6,0.0,0.0
12,7,0.0,0.0
12,8,0.0,0.0
12,9,0.0,0.0
12,10,0.0,0.0
12,11,352512.24497723795,1.306489504610804
12,12,567.1332681145774,0.002101923190087098
12,13,5581429.034273583,20.686028805834276
12,14,187709.25539690047,0.6956926336280738
12,15,0.0,0.0
13,1,30145.391579418025,0.08040439993255616
13,2,1107592.6620427333,2.9541936161828324
13,3,1549078.7350826426,4.1317342259253405
13,4,0.0,0.0
13,5,0.0,0.0
13,6,0.0,0.0
13,7,38822.91293941893,0.10354926093111683
13,8,1668.5924261935902,0.004450503567241892
13,9,776670.306831105,2.07155079746338
13,10,0.0,0.0
13,11,1146921.4823579057,3.0590922435291024
13,12,607.9560038088723,0.0016215525860019666
13,13,4231684.608326998,11.286835028829799
13,14,377915.4106288619,1.0079836494021692
13,15,0.0,0.0
14,1,0.0,0.0
14,2,0.0,0.0
14,3,0.0,0.0
14,4,0.0,0.0
14,5,0.0,0.0
14,6,0.0,0.0
14,7,0.0,0.0
14,8,390.728042277601,0.00103523891016776
14,9,91052.76078109078,0.2412454460379176
14,10,15871.25995446297,0.04205110481057827
14,11,1430816.468411785,3.7909664040860505
14,12,0.0,0.0
14,13,8622543.441452967,22.845538352381656
14,14,915667.4943391981,2.426072655011218
14,15,0.0,0.0
15,1,0.0,0.0
15,2,3287.4496858945154,0.023467781954485623
15,3,4323.36589947784,0.030862771428484183
15,4,0.0,0.0
15,5,0.0,0.0
15,6,0.0,0.0
15,7,0.0,0.0
15,8,0.0,0.0
15,9,90896.90713171916,0.6488764850324651
15,10,0.0,0.0
15,11,505023.04595017736,3.6051565367529173
15,12,0.0,0.0
15,13,1485380.9015767672,10.603537224350193
15,14,94445.16280867759,0.6742060561291459
15,15,0.0,0.0
16,1,0.0,0.0
16,2,338114.23179936665,1.097516632655203
16,3,215087.25672867527,0.6981718588881448
16,4,0.0,0.0
16,5,31009.965374431657,0.1006581491568094
16,6,0.0,0.0
16,7,243828.29497399335,0.7914650851038741
16,8,94585.5424873832,0.3070240656128835
16,9,554740.8353769634,1.8006852015638808
16,10,101987.91690498406,0.3310521256008439
16,11,1484175.1010989887,4.81762288017333
16,12,11009.441747441402,0.035736577457157886
16,13,4079099.113066502,13.24072961677669
16,14,202689.1324482184,0.657927626815707
16,15,173193.5289163977,0.5621850865088385
17,1,0.0,0.0
17,2,0.0,0.0
17,3,0.0,0.0
17,4,0.0,0.0
17,5,0.0,0.0
17,6,0.0,0.0
17,7,0.0,0.0
17,8,0.0,0.0
17,9,486938.29287476203,1.3277575612402432
17,10,7697.904069073648,0.020990237331865263
17,11,1766731.691418835,4.817430455335841
17,12,218.7048388819589,0.0005963527776609593
17,13,6919772.026261434,18.868468067452618
17,14,498030.96542891266,1.358004473577293
17,15,0.0,0.0
18,1,0.0,0.0
18,2,1574713.5998603636,2.523138936922951
18,3,1666957.270166466,2.670939525077298
18,4,0.0,0.0
18,5,336689.42599627044,0.5394721938368718
18,6,0.0,0.0
18,7,976189.9624023709,1.5641338870694859
18,8,48480.85453603341,0.07768011388611272
18,9,1621072.7937591667,2.5974195472007837
18,10,346237.79489488574,0.5547713957706945
18,11,5347741.280434516,8.56860209402587
18,12,69564.07444070047,0.11146142692099827
18,13,8634509.943535918,13.834940043520122
18,14,447679.6815545918,0.7173101419202963
18,15,226396.30437097172,0.36275125253538915
19,1,1822467.772387376,1.3719895269100657
19,2,10059032.335740548,7.572637071879187
19,3,5083226.58631796,3.826752793660185
19,4,0.0,0.0
19,5,361284.6092495498,0.2719821484002727
19,6,0.0,0.0
19,7,2236346.5414599003,1.6835655916182408
19,8,407296.4709785451,0.30662078144623334
19,9,1937007.412365005,1.45821721710373
19,10,771977.55281873,0.581159861109375
19,11,14478903.462121747,10.900002848966992
19,12,2199518.174007385,1.6558404734001795
19,13,15408942.874189265,11.600154781584544
19,14,1370796.5165580553,1.0319625360391254
19,15,6349401.693620511,4.779954278357869
20,1,53119796.47116376,14.72946068273282
20,2,80360998.11328548,22.283108008091972
20,3,40645457.73857729,11.270481279367306
20,4,32375456.50946187,8.977312516634301
20,5,1881127.2486980236,0.5216132532427202
20,6,5307476.048214691,1.4716972761588547
20,7,6029362.689167765,1.671867487674641
20,8,212949.4559637057,0.05904824279079225
20,9,8891563.003081879,2.4655201330267262
20,10,6074880.122146583,1.6844889072579103
20,11,37830406.84228628,10.489902582697804
20,12,8704117.615858521,2.413543852154399
20,13,25348744.550672006,7.028892447252654
20,14,3957919.73364329,1.0974820495360607
20,15,18241959.44686707,5.058269087956625
21,1,0.0,0.0
21,2,0.0,0.0
21,3,0.0,0.0
21,4,0.0,0.0
21,5,225706.07449991134,0.5583904302366853
21,6,0.0,0.0
21,7,278498.7540709311,0.6889980229845748
21,8,56273.09259451458,0.13921803590896342
21,9,11253.184145918536,0.02784005858368941
21,10,0.0,0.0
21,11,2135425.090202332,5.28298114039798
21,12,1489.938724801126,0.0036860661699573615
21,13,3284214.351999445,8.125053209426081
21,14,349966.29393562017,0.8658066907238955
21,15,1382261.3626257733,3.4196754282590462
22,1,0.0,0.0
22,2,0.0,0.0
22,3,0.0,0.0
22,4,0.0,0.0
22,5,129982.16819584451,0.8142852967908487
22,6,0.0,0.0
22,7,64314.49288503787,0.4029040802576815
22,8,15250.772290544843,0.09553987145517528
22,9,146941.07489048626,0.9205259339703118
22,10,0.0,0.0
22,11,531045.185514622,3.3267816078017205
22,12,209.77480205820663,0.0013141536206400138
22,13,1403928.8595766434,8.795041996615598
22,14,50873.70161370077,0.31870300205290597
22,15,506553.36392919475,3.1733503296083185
23,1,0.0,0.0
23,2,0.0,0.0
23,3,0.0,0.0
23,4,0.0,0.0
23,5,158593.27217838302,0.6064235276776461
23,6,0.0,0.0
23,7,255288.58949514257,0.9761637734756099
23,8,10988.820585342495,0.04201867615723769
23,9,0.0,0.0
23,10,133626.01992650985,0.510954602804411
23,11,2190533.1060172976,8.376085538808539
23,12,0.0,0.0
23,13,1665341.233438565,6.3678748265748375
23,14,322169.2180804267,1.23189963265107
23,15,176991.9603348575,0.6767758019149827
24,1,0.0,0.0
24,2,0.0,0.0
24,3,0.0,0.0
24,4,0.0,0.0
24,5,0.0,0.0
24,6,0.0,0.0
24,7,0.0,0.0
24,8,0.0,0.0
24,9,0.0,0.0
24,10,0.0,0.0
24,11,966570.3461007924,4.475328201833753
24,12,19211.89244478213,0.08895319871500015
24,13,1351030.6307760626,6.255422078532148
24,14,210215.61350707884,0.973321670160064
24,15,0.0,0.0
25,1,0.0,0.0
25,2,0.0,0.0
25,3,0.0,0.0
25,4,0.0,0.0
25,5,0.0,0.0
25,6,0.0,0.0
25,7,0.0,0.0
25,8,0.0,0.0
25,9,0.0,0.0
25,10,0.0,0.0
25,11,908259.7358173322,2.520040151316579
25,12,0.0,0.0
25,13,3153322.6432128022,8.74914890265506
25,14,287669.47179387085,0.7981622333794453
25,15,0.0,0.0
26,1,0.0,0.0
26,2,0.0,0.0
26,3,0.0,0.0
26,4,0.0,0.0
26,5,0.0,0.0
26,6,0.0,0.0
26,7,0.0,0.0
26,8,0.0,0.0
26,9,0.0,0.0
26,10,0.0,0.0
26,11,785625.1476328892,3.518033694869581
26,12,0.0,0.0
26,13,1786589.7331965389,8.000358566972066
26,14,132495.08294356545,0.5933137038757509
26,15,0.0,0.0
27,1,0.0,0.0
27,2,2535474.2333660834,4.600316444622691
27,3,1699830.2689819767,3.0841398569780485
27,4,0.0,0.0
27,5,9201.059119401812,0.016694227461635677
27,6,0.0,0.0
27,7,58800.74590115843,0.10668696008243879
27,8,0.0,0.0
27,9,636425.7019425938,1.1547187440907942
27,10,433248.9816467179,0.7860787495518833
27,11,6176056.967480137,11.205720829868593
27,12,36350.31749520547,0.06595332783896811
27,13,7818319.698852637,14.185411236540169
27,14,560664.8503801697,1.0172596894039954
27,15,1752364.6243231602,3.179457196670691
28,1,0.0,0.0
28,2,0.0,0.0
28,3,0.0,0.0
28,4,0.0,0.0
28,5,0.0,0.0
28,6,0.0,0.0
28,7,29083.442704130466,0.16366523708336903
28,8,0.0,0.0
28,9,7964.245006149969,0.04481828579862219
28,10,0.0,0.0
28,11,2377768.0515421424,13.380739544621946
28,12,1278.3354290931106,0.007193751895296792
28,13,1442133.166556726,8.115513318400074
28,14,142734.79719670556,0.8032310569590062
28,15,0.0,0.0
29,1,0.0,0.0
29,2,0.0,0.0
29,3,0.0,0.0
29,4,0.0,0.0
29,5,0.0,0.0
29,6,0.0,0.0
29,7,0.0,0.0
29,8,0.0,0.0
29,9,0.0,0.0
29,10,0.0,0.0
29,11,605006.2146001303,3.151645393482903
29,12,0.0,0.0
29,13,1727134.9320065158,8.997125518750943
29,14,106454.52699009336,0.5545511955203258
29,15,0.0,0.0
30,1,0.0,0.0
30,2,1964091.7054582392,4.33580077430197
30,3,816499.4289592676,1.8024508970026705
30,4,0.0,0.0
30,5,0.0,0.0
30,6,0.0,0.0
30,7,23272.73291433152,0.05137536761122837
30,8,0.0,0.0
30,9,383903.0103366401,0.8474792520373242
30,10,933.3582660419718,0.0020604208456049453
30,11,7864627.069802582,17.361437881990632
30,12,211089.1300274203,0.4659865987296579
30,13,3501006.074193355,7.728592715471962
30,14,1022104.2889182663,2.256330778748054
30,15,1317319.2714853326,2.9080281238581165
31,1,0.0,0.0
31,2,808609.8977041527,5.414326175510865
31,3,267096.1103703253,1.7884340345835026
31,4,0.0,0.0
31,5,0.0,0.0
31,6,0.0,0.0
31,7,0.0,0.0
31,8,0.0,0.0
31,9,330713.4357926218,2.2144057562108275
31,10,33070.47575283627,0.22143476479023966
31,11,3259996.791150365,21.82843174257648
31,12,0.0,0.0
31,13,1301736.579830958,8.716225781813787
31,14,149794.14605864274,1.0029983163034957
31,15,275510.0944618704,1.844772764095137
32,1,0.0,0.0
32,2,0.0,0.0
32,3,0.0,0.0
32,4,0.0,0.0
32,5,0.0,0.0
32,6,0.0,0.0
32,7,0.0,0.0
32,8,0.0,0.0
32,9,41773.79311991122,0.30648449901316066
32,10,0.0,0.0
32,11,566311.0339109567,4.154890914875902
32,12,0.0,0.0
32,13,747488.3244365336,5.484146100295638
32,14,85390.68255358568,0.626491362364538
32,15,0.0,0.0
