date,column,before,after,valid_hours
2024-01-01,precipitation_previous_day1,0.0,,0
2024-01-02,precipitation_previous_day1,0.0,,0
2024-01-03,precipitation_previous_day1,0.0,,0
2024-01-04,precipitation_previous_day1,0.0,,0
2024-01-05,precipitation_previous_day1,0.0,,0
2024-01-06,precipitation_previous_day1,0.0,,0
2024-01-07,precipitation_previous_day1,0.0,,0
2024-01-08,precipitation_previous_day1,0.0,,0
2024-01-09,precipitation_previous_day1,0.0,,0
2024-01-10,precipitation_previous_day1,0.0,,0
2024-01-11,precipitation_previous_day1,0.0,,0
2024-01-12,precipitation_previous_day1,0.0,,0
2024-01-13,precipitation_previous_day1,0.0,,0
2024-01-14,precipitation_previous_day1,0.0,,0
2024-01-15,precipitation_previous_day1,0.0,,0
2024-01-16,precipitation_previous_day1,0.0,,0
2024-01-17,precipitation_previous_day1,0.0,,0
2024-01-18,precipitation_previous_day1,0.0,,0
2024-01-19,precipitation_previous_day1,5.5,,15
2024-01-01,precipitation_previous_day2,0.0,,0
2024-01-02,precipitation_previous_day2,0.0,,0
2024-01-03,precipitation_previous_day2,0.0,,0
2024-01-04,precipitation_previous_day2,0.0,,0
2024-01-05,precipitation_previous_day2,0.0,,0
2024-01-06,precipitation_previous_day2,0.0,,0
2024-01-07,precipitation_previous_day2,0.0,,0
2024-01-08,precipitation_previous_day2,0.0,,0
2024-01-09,precipitation_previous_day2,0.0,,0
2024-01-10,precipitation_previous_day2,0.0,,0
2024-01-11,precipitation_previous_day2,0.0,,0
2024-01-12,precipitation_previous_day2,0.0,,0
2024-01-13,precipitation_previous_day2,0.0,,0
2024-01-14,precipitation_previous_day2,0.0,,0
2024-01-15,precipitation_previous_day2,0.0,,0
2024-01-16,precipitation_previous_day2,0.0,,0
2024-01-17,precipitation_previous_day2,0.0,,0
2024-01-18,precipitation_previous_day2,0.0,,0
2024-01-19,precipitation_previous_day2,0.0,,0
2024-01-20,precipitation_previous_day2,29.0,,15
2024-01-01,precipitation_previous_day3,0.0,,0
2024-01-02,precipitation_previous_day3,0.0,,0
2024-01-03,precipitation_previous_day3,0.0,,0
2024-01-04,precipitation_previous_day3,0.0,,0
2024-01-05,precipitation_previous_day3,0.0,,0
2024-01-06,precipitation_previous_day3,0.0,,0
2024-01-07,precipitation_previous_day3,0.0,,0
2024-01-08,precipitation_previous_day3,0.0,,0
2024-01-09,precipitation_previous_day3,0.0,,0
2024-01-10,precipitation_previous_day3,0.0,,0
2024-01-11,precipitation_previous_day3,0.0,,0
2024-01-12,precipitation_previous_day3,0.0,,0
2024-01-13,precipitation_previous_day3,0.0,,0
2024-01-14,precipitation_previous_day3,0.0,,0
2024-01-15,precipitation_previous_day3,0.0,,0
2024-01-16,precipitation_previous_day3,0.0,,0
2024-01-17,precipitation_previous_day3,0.0,,0
2024-01-18,precipitation_previous_day3,0.0,,0
2024-01-19,precipitation_previous_day3,0.0,,0
2024-01-20,precipitation_previous_day3,0.0,,0
2024-01-21,precipitation_previous_day3,1.5,,15
