cod_estacao,nome_estacao,lat,lon,dist_sp_km
355030801A,Jardim Paulistano,-23.582,-46.751,12.497007182041692
355030801B,José Bonifácio,-23.547,-46.439,19.809727228624507
355030802A,COHAB Inácio Monteiro,-23.569,-46.411,22.751366545926373
355030803A,São João Clímaco,-23.622,-46.583,9.459586949381931
355030805A,Tiradentes,-23.584,-46.416,22.458360258781614
355030806A,Cidade Tiradentes 2,-23.58,-46.383,25.72106507115902
355030806B,Cidade Líder,-23.571,-46.482,15.588867092628572
355030807A,Jardim dos Alamos,-23.816,-46.736,31.319831542578505
355030808A,Vila Clementino,-23.599,-46.65,5.6551446365739855
355030808B,(Pirituba)SENAICentrodeTreinamentoJorgeMahfuz,-23.501,-46.751,13.20193273445223
355030809A,Jardim São Luis,-23.667,-46.728,16.152735138424323
355030810A,Chacara Dona Olivia,-23.513,-46.389,25.25250248420623
355030811A,AC Santana,-23.50248,-46.628836,5.358940824239574
355030812A,Luz,-23.531015,-46.632533,2.168043507714964
355030813A,Jardim Guapira,-23.457,-46.584,11.548316127369471
355030814A,Vila das Belezas,-23.647,-46.744,15.568397730687279
355030815A,Jardim Aricanduva,-23.564791,-46.513474,12.316538780974575
355030816A,Jardim Sapopemba,-23.609,-46.494,15.61551645308617
355030817A,Jardim Paraná,-23.448,-46.688,12.689198855039717
355030818A,Itaquera2,-23.522,-46.457,18.250042003251806
355030819A,Boa Esperança,-23.603,-46.449,19.6688441599231
355030820A,Cidade Tiradentes,-23.595,-46.406,23.688087221221085
355030820B,Vila Babilônia,-23.644,-46.655,10.62925937067671
355030821B,Rua Carlos D. Ferreira,-23.464,-46.656,9.892949974228825
355030822A,Vila Leopoldina,-23.5351,-46.73533,10.540886955031063
355030822B,Avenida Oratório,-23.613,-46.523,13.21546319933333
355030824A,Jardim Angela,-23.697,-46.765,21.10414720498866
355030825A,Burgo Paulista,-23.517,-46.483,15.76881963827979
355030826A,Mooca,-23.547,-46.596,3.8220290796331335
355030827B,Jardim Valparaiso,-23.424,-46.59,14.743011148320434
355030828A,Jabaquara,-23.668,-46.635,13.066551952907293
355030831A,AC Almeida Lima,-23.55196,-46.608613,2.5216449357264787
355030832A,Jardim Previdência,-23.622,-46.617,8.122104084561135
355030833A,AC Central de SP,-23.543311,-46.635987,0.8450037700783376
355030834A,Santo Amaro Paulista,-23.650398,-46.708183,13.476292630982345
355030835A,Bairro do Limão,-23.504787,-46.672956,6.494847036047664
355030836A,Perdizes,-23.53,-46.676,4.913630695362758
355030837A,Vila Clementino 2,-23.602743,-46.649511,6.039517753836054
355030838A,Residencial Cocaia,-23.745,-46.66,21.797734439578374
355030840A,Vila Prudente,-23.59,-46.574,7.471155688154441
355030841A,Vila Monumento,-23.571,-46.608,3.4417808211958585
355030842A,Jardim da Saúde,-23.612,-46.617,7.03734684120563
355030843A,Jardim Santa Lucrécia,-23.436,-46.751,17.497588672888565
355030844A,Barro Branco,-23.767,-46.68,24.53907086469283
355030845A,Interlagos,-23.711,-46.704,19.245272639894484
355030846A,Butantã,-23.589,-46.738,11.497569848877113
355030847A,Vila Rubi,-23.728,-46.697,20.77635797152861
355030848A,São Miguel Paulista,-23.5,-46.451,19.415760569182066
355030849A,Vila Carrão,-23.575,-46.526,11.2706277565808
355030850A,Jardim Rodolfo Pirani,-23.62036,-46.45688,19.584737022264722
355030851A,Jaraguá,-23.48,-46.762,15.285590457544245
355030852A,Cidade Dutra,-23.72,-46.702,20.10487139424796
355030853A,Pinheiros,-23.563,-46.703,7.239103330979745
355030854A,Vila Maria,-23.502,-46.591,6.905233127871835
355030855A,Jardim Nossa S. Aparecida,-23.462,-46.712,12.697974883250467
355030856A,Jardim Imperador,-23.64412,-46.60851,10.712158633723295
355030857A,Centro ,-23.541,-46.629,1.1436833030747564
355030858A,Jardim Vera Cruz,-23.736,-46.78,25.470637051365973
355030859A,Vila Aricanduva,-23.569,-46.504,13.338628414217798
355030860A,Limão,-23.511,-46.667,5.576310054981449
355030861A,Pedreira,-23.705,-46.644,17.214162989134895
355030862A,Avenida Pacaembu,-23.524,-46.66,4.01142647302348
355030863A,Capão Redondo2,-23.674,-46.77,19.55927124498055
355030864A,São Mateus,-23.6,-46.468,17.722777752991863
355030865A,Vila Constância,-23.668,-46.674,13.707697194179186
355030866A,Penha3,-23.519,-46.521,11.972310023368163
355030867A,C.E.U Parelheiros,-23.829,-46.724,32.31560899872247
355030868,Subprefeitura de Itaquera,-23.532,-46.447,19.10259493505117
355030868A,Jardim Novo Parelheiros,-23.829,-46.724,32.31560899872247
355030869A,Vila Prudente,-23.584,-46.561,8.256853552053705
355030870A,Jabaquara,-23.649,-46.64,10.973956368232324
355030871A,Ipiranga,-23.587,-46.602,5.162256942059481
355030872A,Freguesia do Ó,-23.476,-46.665,8.892251736252387
355030873A,Perus,-23.407,-46.753,20.090937536994996
355030874A,Pirituba,-23.489,-46.727,11.748703905595752
355030875A,Jardim São Roberto,-23.622,-46.501,15.651728273689487
355030876A,Ermelino Matarazzo,-23.5,-46.473,17.280833141392293
355030877A,Vila Formosa,-23.561,-46.564,7.159536779055733
355030878A,Lapa,-23.522,-46.695,7.043194683186864
355030879A,Avenida Tucuruvi,-23.481,-46.604,8.285377613071022
355030880A,Iguatemi,-23.609,-46.427,22.007474089150577
355030881A,Itaim Paulista,-23.494,-46.417,22.930343756496683
355030882A,Campo Limpo,-23.647,-46.757,16.553348802374636
355030884A,Lajeado,-23.545,-46.401,23.687496434881258
355030885A,Jardim Anhanguera,-23.44,-46.788,19.99609968051119
355030886A,Cangaíba,-23.499,-46.496,15.12423042729726
355030889A,Capão Redondo,-23.686,-46.794,22.24997762034963
355030890A,Penha,-23.518,-46.553,8.948440619454681
355030892A,Jardim São Pedro,-23.555,-46.423,21.442045116291382
355030894A,Parque Morumbi,-23.623,-46.727,12.496560893004194
355030895A,Pirajussara,-23.638,-46.78,17.836083283923877
355030896A,Jardim João XXIII,-23.6,-46.789,16.795531203072276
355030897A,Jaguaré,-23.55,-46.743,11.182243117373156
355030898A,Jardim Romano,-23.47888,-46.38121,26.908815498765364
355030899A,Jardim Eledy,-23.649,-46.786,19.027763822444957
