codigo,nome,lat,lon,dist_sp_km,file
A509,MONTE VERDE,-22.86166666,-46.04333333,97.47830579165749,/mnt/project/dados_A509_H_20150101_20260531.csv
A619,PARATY,-23.2236111,-44.72694443,197.92636694185882,/mnt/project/dados_A619_H_20150101_20260531.csv
A711,SAO CARLOS,-21.98027777,-47.88388888,216.62332115498782,/mnt/project/dados_A711_H_20150101_20260531.csv
A712,IGUAPE,-24.67166666,-47.54583333,155.30439457514905,/mnt/project/dados_A712_H_20150101_20260531.csv
A713,IPERO,-23.4261111,-47.58555555,98.09225770708983,/mnt/project/dados_A713_H_20150101_20260531.csv
A714,ITAPEVA,-23.98194443,-48.88583333,234.19293883120085,/mnt/project/dados_A714_H_20150101_20260531.csv
A715,SAO MIGUEL ARCANJO,-23.89083333,-47.99916666,144.10343418832156,/mnt/project/dados_A715_H_20150101_20260531.csv
A726,PIRACICABA,-22.70305555,-47.62333332,138.30679286173623,/mnt/project/dados_A726_H_20150101_20260531.csv
A728,TAUBATE,-23.04166666,-45.52083332,126.92362363775621,/mnt/project/dados_A728_H_20150101_20260531.csv
A738,CASA BRANCA,-21.78055554,-47.07527777,201.96561209595677,/mnt/project/dados_A738_H_20150101_20260531.csv
A739,ITAPIRA,-22.415,-46.80527777,127.48323980488713,/mnt/project/dados_A739_H_20150101_20260531.csv
A740,SAO LUIZ DO PARAITINGA,-23.22833332,-45.41694443,129.20349763828844,/mnt/project/dados_A740_H_20150101_20260531.csv
A746,BARRA DO TURVO,-24.96277777,-48.41638888,239.44565011922373,/mnt/project/dados_A746_H_20150101_20260531.csv
A755,BARUERI,-23.52388888,-46.86944443,24.25459030403531,/mnt/project/dados_A755_H_20150101_20260531.csv
