cod_estacao,date,precip_total_mm,precip_max_hor_mm,n_leituras,nome_estacao,lat,lon,_ordem_arquivo,_origem
355030805A,,0.0,0.0,1,Tiradentes,-23.584,-46.416,3,C:\Users\rickn\OneDrive\Documentos\GitHub\Projeto_Previsão_Alagamentos_TCC_2026\data\outputs\cemaden_raw\2015\FEV-2015.csv
355030806A,,0.0,0.0,1,Cidade Tiradentes 2,-23.58,-46.383,3,C:\Users\rickn\OneDrive\Documentos\GitHub\Projeto_Previsão_Alagamentos_TCC_2026\data\outputs\cemaden_raw\2015\FEV-2015.csv
355030807A,,0.0,0.0,1,Jardim dos Alamos,-23.816,-46.736,3,C:\Users\rickn\OneDrive\Documentos\GitHub\Projeto_Previsão_Alagamentos_TCC_2026\data\outputs\cemaden_raw\2015\FEV-2015.csv
355030809A,,0.0,0.0,1,Jardim São Luis,-23.667,-46.728,3,C:\Users\rickn\OneDrive\Documentos\GitHub\Projeto_Previsão_Alagamentos_TCC_2026\data\outputs\cemaden_raw\2015\FEV-2015.csv
355030811A,,0.0,0.0,1,AC Santana,-23.50248,-46.628836,3,C:\Users\rickn\OneDrive\Documentos\GitHub\Projeto_Previsão_Alagamentos_TCC_2026\data\outputs\cemaden_raw\2015\FEV-2015.csv
355030812A,,0.0,0.0,1,Luz,-23.531015,-46.632533,3,C:\Users\rickn\OneDrive\Documentos\GitHub\Projeto_Previsão_Alagamentos_TCC_2026\data\outputs\cemaden_raw\2015\FEV-2015.csv
355030814A,,0.0,0.0,1,Vila das Belezas,-23.647,-46.744,3,C:\Users\rickn\OneDrive\Documentos\GitHub\Projeto_Previsão_Alagamentos_TCC_2026\data\outputs\cemaden_raw\2015\FEV-2015.csv
355030816A,,0.0,0.0,1,Jardim Sapopemba,-23.609,-46.494,3,C:\Users\rickn\OneDrive\Documentos\GitHub\Projeto_Previsão_Alagamentos_TCC_2026\data\outputs\cemaden_raw\2015\FEV-2015.csv
355030819A,,0.0,0.0,1,Boa Esperança,-23.603,-46.449,3,C:\Users\rickn\OneDrive\Documentos\GitHub\Projeto_Previsão_Alagamentos_TCC_2026\data\outputs\cemaden_raw\2015\FEV-2015.csv
355030820A,,0.0,0.0,1,Cidade Tiradentes,-23.595,-46.406,3,C:\Users\rickn\OneDrive\Documentos\GitHub\Projeto_Previsão_Alagamentos_TCC_2026\data\outputs\cemaden_raw\2015\FEV-2015.csv
355030820B,,0.0,0.0,1,Vila Babilônia,-23.644,-46.655,3,C:\Users\rickn\OneDrive\Documentos\GitHub\Projeto_Previsão_Alagamentos_TCC_2026\data\outputs\cemaden_raw\2015\FEV-2015.csv
355030824A,,0.0,0.0,1,Jardim Angela,-23.697,-46.765,3,C:\Users\rickn\OneDrive\Documentos\GitHub\Projeto_Previsão_Alagamentos_TCC_2026\data\outputs\cemaden_raw\2015\FEV-2015.csv
355030827B,,0.0,0.0,1,Jardim Valparaiso,-23.424,-46.59,3,C:\Users\rickn\OneDrive\Documentos\GitHub\Projeto_Previsão_Alagamentos_TCC_2026\data\outputs\cemaden_raw\2015\FEV-2015.csv
355030828A,,0.0,0.0,1,Jabaquara,-23.668,-46.635,3,C:\Users\rickn\OneDrive\Documentos\GitHub\Projeto_Previsão_Alagamentos_TCC_2026\data\outputs\cemaden_raw\2015\FEV-2015.csv
355030831A,,0.0,0.0,1,AC Almeida Lima,-23.55196,-46.608613,3,C:\Users\rickn\OneDrive\Documentos\GitHub\Projeto_Previsão_Alagamentos_TCC_2026\data\outputs\cemaden_raw\2015\FEV-2015.csv
355030833A,,0.0,0.0,1,AC Central de SP,-23.543311,-46.635987,3,C:\Users\rickn\OneDrive\Documentos\GitHub\Projeto_Previsão_Alagamentos_TCC_2026\data\outputs\cemaden_raw\2015\FEV-2015.csv
355030834A,,0.0,0.0,1,Santo Amaro Paulista,-23.650398,-46.708183,3,C:\Users\rickn\OneDrive\Documentos\GitHub\Projeto_Previsão_Alagamentos_TCC_2026\data\outputs\cemaden_raw\2015\FEV-2015.csv
355030836A,,0.0,0.0,1,Perdizes,-23.53,-46.676,3,C:\Users\rickn\OneDrive\Documentos\GitHub\Projeto_Previsão_Alagamentos_TCC_2026\data\outputs\cemaden_raw\2015\FEV-2015.csv
355030837A,,0.0,0.0,1,Vila Clementino 2,-23.602743,-46.649511,3,C:\Users\rickn\OneDrive\Documentos\GitHub\Projeto_Previsão_Alagamentos_TCC_2026\data\outputs\cemaden_raw\2015\FEV-2015.csv
355030842A,,0.0,0.0,1,Jardim da Saúde,-23.612,-46.617,3,C:\Users\rickn\OneDrive\Documentos\GitHub\Projeto_Previsão_Alagamentos_TCC_2026\data\outputs\cemaden_raw\2015\FEV-2015.csv
355030845A,,0.0,0.0,1,Interlagos,-23.711,-46.704,3,C:\Users\rickn\OneDrive\Documentos\GitHub\Projeto_Previsão_Alagamentos_TCC_2026\data\outputs\cemaden_raw\2015\FEV-2015.csv
355030847A,,0.0,0.0,1,Vila Rubi,-23.728,-46.697,3,C:\Users\rickn\OneDrive\Documentos\GitHub\Projeto_Previsão_Alagamentos_TCC_2026\data\outputs\cemaden_raw\2015\FEV-2015.csv
355030850A,,0.0,0.0,1,Jardim Rodolfo Pirani,-23.62036,-46.45688,3,C:\Users\rickn\OneDrive\Documentos\GitHub\Projeto_Previsão_Alagamentos_TCC_2026\data\outputs\cemaden_raw\2015\FEV-2015.csv
355030856A,,0.0,0.0,1,Jardim Imperador,-23.64412,-46.60851,3,C:\Users\rickn\OneDrive\Documentos\GitHub\Projeto_Previsão_Alagamentos_TCC_2026\data\outputs\cemaden_raw\2015\FEV-2015.csv
355030857A,,0.0,0.0,1,Centro ,-23.541,-46.629,3,C:\Users\rickn\OneDrive\Documentos\GitHub\Projeto_Previsão_Alagamentos_TCC_2026\data\outputs\cemaden_raw\2015\FEV-2015.csv
355030858A,,0.0,0.0,1,Jardim Vera Cruz,-23.736,-46.78,3,C:\Users\rickn\OneDrive\Documentos\GitHub\Projeto_Previsão_Alagamentos_TCC_2026\data\outputs\cemaden_raw\2015\FEV-2015.csv
355030861A,,0.0,0.0,1,Pedreira,-23.705,-46.644,3,C:\Users\rickn\OneDrive\Documentos\GitHub\Projeto_Previsão_Alagamentos_TCC_2026\data\outputs\cemaden_raw\2015\FEV-2015.csv
355030862A,,0.0,0.0,1,Avenida Pacaembu,-23.524,-46.66,3,C:\Users\rickn\OneDrive\Documentos\GitHub\Projeto_Previsão_Alagamentos_TCC_2026\data\outputs\cemaden_raw\2015\FEV-2015.csv
355030863A,,0.0,0.0,1,Capão Redondo2,-23.674,-46.77,3,C:\Users\rickn\OneDrive\Documentos\GitHub\Projeto_Previsão_Alagamentos_TCC_2026\data\outputs\cemaden_raw\2015\FEV-2015.csv
355030864A,,0.0,0.0,1,São Mateus,-23.6,-46.468,3,C:\Users\rickn\OneDrive\Documentos\GitHub\Projeto_Previsão_Alagamentos_TCC_2026\data\outputs\cemaden_raw\2015\FEV-2015.csv
355030865A,,0.0,0.0,1,Vila Constância,-23.668,-46.674,3,C:\Users\rickn\OneDrive\Documentos\GitHub\Projeto_Previsão_Alagamentos_TCC_2026\data\outputs\cemaden_raw\2015\FEV-2015.csv
355030868A,,0.0,0.0,1,Jardim Novo Parelheiros,-23.829,-46.724,3,C:\Users\rickn\OneDrive\Documentos\GitHub\Projeto_Previsão_Alagamentos_TCC_2026\data\outputs\cemaden_raw\2015\FEV-2015.csv
355030869A,,0.0,0.0,1,Vila Prudente,-23.584,-46.561,3,C:\Users\rickn\OneDrive\Documentos\GitHub\Projeto_Previsão_Alagamentos_TCC_2026\data\outputs\cemaden_raw\2015\FEV-2015.csv
355030871A,,0.0,0.0,1,Ipiranga,-23.587,-46.602,3,C:\Users\rickn\OneDrive\Documentos\GitHub\Projeto_Previsão_Alagamentos_TCC_2026\data\outputs\cemaden_raw\2015\FEV-2015.csv
355030874A,,0.0,0.0,1,Pirituba,-23.489,-46.727,3,C:\Users\rickn\OneDrive\Documentos\GitHub\Projeto_Previsão_Alagamentos_TCC_2026\data\outputs\cemaden_raw\2015\FEV-2015.csv
355030875A,,0.0,0.0,1,Jardim São Roberto,-23.622,-46.501,3,C:\Users\rickn\OneDrive\Documentos\GitHub\Projeto_Previsão_Alagamentos_TCC_2026\data\outputs\cemaden_raw\2015\FEV-2015.csv
355030879A,,0.0,0.0,1,Avenida Tucuruvi,-23.481,-46.604,3,C:\Users\rickn\OneDrive\Documentos\GitHub\Projeto_Previsão_Alagamentos_TCC_2026\data\outputs\cemaden_raw\2015\FEV-2015.csv
355030880A,,0.0,0.0,1,Iguatemi,-23.609,-46.427,3,C:\Users\rickn\OneDrive\Documentos\GitHub\Projeto_Previsão_Alagamentos_TCC_2026\data\outputs\cemaden_raw\2015\FEV-2015.csv
355030881A,,0.0,0.0,1,Itaim Paulista,-23.494,-46.417,3,C:\Users\rickn\OneDrive\Documentos\GitHub\Projeto_Previsão_Alagamentos_TCC_2026\data\outputs\cemaden_raw\2015\FEV-2015.csv
355030882A,,0.0,0.0,1,Campo Limpo,-23.647,-46.757,3,C:\Users\rickn\OneDrive\Documentos\GitHub\Projeto_Previsão_Alagamentos_TCC_2026\data\outputs\cemaden_raw\2015\FEV-2015.csv
355030889A,,0.0,0.0,1,Capão Redondo,-23.686,-46.794,3,C:\Users\rickn\OneDrive\Documentos\GitHub\Projeto_Previsão_Alagamentos_TCC_2026\data\outputs\cemaden_raw\2015\FEV-2015.csv
355030894A,,0.0,0.0,1,Parque Morumbi,-23.623,-46.727,3,C:\Users\rickn\OneDrive\Documentos\GitHub\Projeto_Previsão_Alagamentos_TCC_2026\data\outputs\cemaden_raw\2015\FEV-2015.csv
355030895A,,0.0,0.0,1,Pirajussara,-23.638,-46.78,3,C:\Users\rickn\OneDrive\Documentos\GitHub\Projeto_Previsão_Alagamentos_TCC_2026\data\outputs\cemaden_raw\2015\FEV-2015.csv
355030898A,,0.0,0.0,1,Jardim Romano,-23.47888,-46.38121,3,C:\Users\rickn\OneDrive\Documentos\GitHub\Projeto_Previsão_Alagamentos_TCC_2026\data\outputs\cemaden_raw\2015\FEV-2015.csv
355030899A,,0.0,0.0,1,Jardim Eledy,-23.649,-46.786,3,C:\Users\rickn\OneDrive\Documentos\GitHub\Projeto_Previsão_Alagamentos_TCC_2026\data\outputs\cemaden_raw\2015\FEV-2015.csv
355030801A,,0.0,0.0,6,Jardim Paulistano,-23.582,-46.751,19,C:\Users\rickn\OneDrive\Documentos\GitHub\Projeto_Previsão_Alagamentos_TCC_2026\data\outputs\cemaden_raw\2016\data (5).csv
355030801B,,0.2,0.2,4,José Bonifácio,-23.547,-46.439,19,C:\Users\rickn\OneDrive\Documentos\GitHub\Projeto_Previsão_Alagamentos_TCC_2026\data\outputs\cemaden_raw\2016\data (5).csv
355030802A,,0.0,0.0,1,COHAB Inácio Monteiro,-23.569,-46.411,19,C:\Users\rickn\OneDrive\Documentos\GitHub\Projeto_Previsão_Alagamentos_TCC_2026\data\outputs\cemaden_raw\2016\data (5).csv
355030803A,,0.2,0.2,4,São João Clímaco,-23.622,-46.583,19,C:\Users\rickn\OneDrive\Documentos\GitHub\Projeto_Previsão_Alagamentos_TCC_2026\data\outputs\cemaden_raw\2016\data (5).csv
355030805A,,0.0,0.0,6,Tiradentes,-23.584,-46.416,19,C:\Users\rickn\OneDrive\Documentos\GitHub\Projeto_Previsão_Alagamentos_TCC_2026\data\outputs\cemaden_raw\2016\data (5).csv
355030807A,,0.0,0.0,1,Jardim dos Alamos,-23.816,-46.736,19,C:\Users\rickn\OneDrive\Documentos\GitHub\Projeto_Previsão_Alagamentos_TCC_2026\data\outputs\cemaden_raw\2016\data (5).csv
355030808B,,0.0,0.0,1,Senai Pirituba,-23.501,-46.751,19,C:\Users\rickn\OneDrive\Documentos\GitHub\Projeto_Previsão_Alagamentos_TCC_2026\data\outputs\cemaden_raw\2016\data (5).csv
355030809A,,4.14,0.79,6,Jardim São Luis,-23.667,-46.728,19,C:\Users\rickn\OneDrive\Documentos\GitHub\Projeto_Previsão_Alagamentos_TCC_2026\data\outputs\cemaden_raw\2016\data (5).csv
355030810A,,0.0,0.0,1,Chacara Dona Olivia,-23.513,-46.389,19,C:\Users\rickn\OneDrive\Documentos\GitHub\Projeto_Previsão_Alagamentos_TCC_2026\data\outputs\cemaden_raw\2016\data (5).csv
355030812A,,0.0,0.0,1,Luz,-23.531015,-46.632533,19,C:\Users\rickn\OneDrive\Documentos\GitHub\Projeto_Previsão_Alagamentos_TCC_2026\data\outputs\cemaden_raw\2016\data (5).csv
355030813A,,0.0,0.0,1,Jardim Guapira,-23.457,-46.584,19,C:\Users\rickn\OneDrive\Documentos\GitHub\Projeto_Previsão_Alagamentos_TCC_2026\data\outputs\cemaden_raw\2016\data (5).csv
355030814A,,0.2,0.2,6,Vila das Belezas,-23.647,-46.744,19,C:\Users\rickn\OneDrive\Documentos\GitHub\Projeto_Previsão_Alagamentos_TCC_2026\data\outputs\cemaden_raw\2016\data (5).csv
355030816A,,0.0,0.0,1,Jardim Sapopemba,-23.609,-46.494,19,C:\Users\rickn\OneDrive\Documentos\GitHub\Projeto_Previsão_Alagamentos_TCC_2026\data\outputs\cemaden_raw\2016\data (5).csv
355030817A,,0.0,0.0,1,Jardim Paraná,-23.448,-46.688,19,C:\Users\rickn\OneDrive\Documentos\GitHub\Projeto_Previsão_Alagamentos_TCC_2026\data\outputs\cemaden_raw\2016\data (5).csv
355030819A,,0.0,0.0,1,Boa Esperança,-23.603,-46.449,19,C:\Users\rickn\OneDrive\Documentos\GitHub\Projeto_Previsão_Alagamentos_TCC_2026\data\outputs\cemaden_raw\2016\data (5).csv
355030820A,,0.0,0.0,1,Cidade Tiradentes,-23.595,-46.406,19,C:\Users\rickn\OneDrive\Documentos\GitHub\Projeto_Previsão_Alagamentos_TCC_2026\data\outputs\cemaden_raw\2016\data (5).csv
355030820B,,0.2,0.2,6,Vila Babilônia,-23.644,-46.655,19,C:\Users\rickn\OneDrive\Documentos\GitHub\Projeto_Previsão_Alagamentos_TCC_2026\data\outputs\cemaden_raw\2016\data (5).csv
355030822A,,1.3900000000000001,0.39,6,Vila Leopoldina,-23.5351,-46.73533,19,C:\Users\rickn\OneDrive\Documentos\GitHub\Projeto_Previsão_Alagamentos_TCC_2026\data\outputs\cemaden_raw\2016\data (5).csv
355030824A,,0.2,0.2,2,Jardim Angela,-23.697,-46.765,19,C:\Users\rickn\OneDrive\Documentos\GitHub\Projeto_Previsão_Alagamentos_TCC_2026\data\outputs\cemaden_raw\2016\data (5).csv
355030825A,,0.2,0.2,5,Burgo Paulista,-23.517,-46.483,19,C:\Users\rickn\OneDrive\Documentos\GitHub\Projeto_Previsão_Alagamentos_TCC_2026\data\outputs\cemaden_raw\2016\data (5).csv
355030826A,,0.0,0.0,1,Mooca,-23.547,-46.596,19,C:\Users\rickn\OneDrive\Documentos\GitHub\Projeto_Previsão_Alagamentos_TCC_2026\data\outputs\cemaden_raw\2016\data (5).csv
355030827B,,0.0,0.0,1,Jardim Valparaiso,-23.424,-46.59,19,C:\Users\rickn\OneDrive\Documentos\GitHub\Projeto_Previsão_Alagamentos_TCC_2026\data\outputs\cemaden_raw\2016\data (5).csv
355030828A,,0.2,0.2,5,Jabaquara,-23.668,-46.635,19,C:\Users\rickn\OneDrive\Documentos\GitHub\Projeto_Previsão_Alagamentos_TCC_2026\data\outputs\cemaden_raw\2016\data (5).csv
355030831A,,0.0,0.0,1,AC Almeida Lima,-23.55196,-46.608613,19,C:\Users\rickn\OneDrive\Documentos\GitHub\Projeto_Previsão_Alagamentos_TCC_2026\data\outputs\cemaden_raw\2016\data (5).csv
355030833A,,0.0,0.0,1,AC Central de SP,-23.543311,-46.635987,19,C:\Users\rickn\OneDrive\Documentos\GitHub\Projeto_Previsão_Alagamentos_TCC_2026\data\outputs\cemaden_raw\2016\data (5).csv
355030834A,,0.0,0.0,1,Santo Amaro Paulista,-23.650398,-46.708183,19,C:\Users\rickn\OneDrive\Documentos\GitHub\Projeto_Previsão_Alagamentos_TCC_2026\data\outputs\cemaden_raw\2016\data (5).csv
355030836A,,0.2,0.2,6,Perdizes,-23.53,-46.676,19,C:\Users\rickn\OneDrive\Documentos\GitHub\Projeto_Previsão_Alagamentos_TCC_2026\data\outputs\cemaden_raw\2016\data (5).csv
355030837A,,0.0,0.0,1,Vila Clementino 2,-23.602743,-46.649511,19,C:\Users\rickn\OneDrive\Documentos\GitHub\Projeto_Previsão_Alagamentos_TCC_2026\data\outputs\cemaden_raw\2016\data (5).csv
355030838A,,0.0,0.0,1,Residencial Cocaia,-23.745,-46.66,19,C:\Users\rickn\OneDrive\Documentos\GitHub\Projeto_Previsão_Alagamentos_TCC_2026\data\outputs\cemaden_raw\2016\data (5).csv
355030845A,,0.2,0.2,6,Interlagos,-23.711,-46.704,19,C:\Users\rickn\OneDrive\Documentos\GitHub\Projeto_Previsão_Alagamentos_TCC_2026\data\outputs\cemaden_raw\2016\data (5).csv
355030846A,,0.0,0.0,1,Butantã,-23.589,-46.738,19,C:\Users\rickn\OneDrive\Documentos\GitHub\Projeto_Previsão_Alagamentos_TCC_2026\data\outputs\cemaden_raw\2016\data (5).csv
355030847A,,0.0,0.0,1,Vila Rubi,-23.728,-46.697,19,C:\Users\rickn\OneDrive\Documentos\GitHub\Projeto_Previsão_Alagamentos_TCC_2026\data\outputs\cemaden_raw\2016\data (5).csv
355030848A,,0.0,0.0,6,São Miguel Paulista,-23.5,-46.451,19,C:\Users\rickn\OneDrive\Documentos\GitHub\Projeto_Previsão_Alagamentos_TCC_2026\data\outputs\cemaden_raw\2016\data (5).csv
355030851A,,0.0,0.0,1,Jaraguá,-23.48,-46.762,19,C:\Users\rickn\OneDrive\Documentos\GitHub\Projeto_Previsão_Alagamentos_TCC_2026\data\outputs\cemaden_raw\2016\data (5).csv
355030852A,,0.8,0.2,6,Cidade Dutra,-23.72,-46.702,19,C:\Users\rickn\OneDrive\Documentos\GitHub\Projeto_Previsão_Alagamentos_TCC_2026\data\outputs\cemaden_raw\2016\data (5).csv
355030853A,,0.0,0.0,1,Pinheiros,-23.563,-46.703,19,C:\Users\rickn\OneDrive\Documentos\GitHub\Projeto_Previsão_Alagamentos_TCC_2026\data\outputs\cemaden_raw\2016\data (5).csv
355030854A,,0.0,0.0,6,Vila Maria,-23.502,-46.591,19,C:\Users\rickn\OneDrive\Documentos\GitHub\Projeto_Previsão_Alagamentos_TCC_2026\data\outputs\cemaden_raw\2016\data (5).csv
355030855A,,0.0,0.0,1,Jardim Nossa S. Aparecida,-23.462,-46.712,19,C:\Users\rickn\OneDrive\Documentos\GitHub\Projeto_Previsão_Alagamentos_TCC_2026\data\outputs\cemaden_raw\2016\data (5).csv
355030856A,,0.2,0.2,6,Jardim Imperador,-23.64412,-46.60851,19,C:\Users\rickn\OneDrive\Documentos\GitHub\Projeto_Previsão_Alagamentos_TCC_2026\data\outputs\cemaden_raw\2016\data (5).csv
355030857A,,0.0,0.0,1,Centro ,-23.541,-46.629,19,C:\Users\rickn\OneDrive\Documentos\GitHub\Projeto_Previsão_Alagamentos_TCC_2026\data\outputs\cemaden_raw\2016\data (5).csv
355030860A,,0.0,0.0,1,Limão,-23.511,-46.667,19,C:\Users\rickn\OneDrive\Documentos\GitHub\Projeto_Previsão_Alagamentos_TCC_2026\data\outputs\cemaden_raw\2016\data (5).csv
355030861A,,0.0,0.0,6,Pedreira,-23.705,-46.644,19,C:\Users\rickn\OneDrive\Documentos\GitHub\Projeto_Previsão_Alagamentos_TCC_2026\data\outputs\cemaden_raw\2016\data (5).csv
355030862A,,0.0,0.0,1,Avenida Pacaembu,-23.524,-46.66,19,C:\Users\rickn\OneDrive\Documentos\GitHub\Projeto_Previsão_Alagamentos_TCC_2026\data\outputs\cemaden_raw\2016\data (5).csv
355030863A,,0.0,0.0,1,Capão Redondo2,-23.674,-46.77,19,C:\Users\rickn\OneDrive\Documentos\GitHub\Projeto_Previsão_Alagamentos_TCC_2026\data\outputs\cemaden_raw\2016\data (5).csv
355030865A,,0.0,0.0,6,Vila Constância,-23.668,-46.674,19,C:\Users\rickn\OneDrive\Documentos\GitHub\Projeto_Previsão_Alagamentos_TCC_2026\data\outputs\cemaden_raw\2016\data (5).csv
355030866A,,0.0,0.0,1,Penha3,-23.519,-46.521,19,C:\Users\rickn\OneDrive\Documentos\GitHub\Projeto_Previsão_Alagamentos_TCC_2026\data\outputs\cemaden_raw\2016\data (5).csv
355030867A,,0.0,0.0,1,C.E.U Parelheiros,-23.829,-46.724,19,C:\Users\rickn\OneDrive\Documentos\GitHub\Projeto_Previsão_Alagamentos_TCC_2026\data\outputs\cemaden_raw\2016\data (5).csv
355030869A,,0.0,0.0,1,Vila Prudente,-23.584,-46.561,19,C:\Users\rickn\OneDrive\Documentos\GitHub\Projeto_Previsão_Alagamentos_TCC_2026\data\outputs\cemaden_raw\2016\data (5).csv
355030870A,,0.0,0.0,1,Jabaquara,-23.649,-46.64,19,C:\Users\rickn\OneDrive\Documentos\GitHub\Projeto_Previsão_Alagamentos_TCC_2026\data\outputs\cemaden_raw\2016\data (5).csv
355030871A,,0.0,0.0,1,Ipiranga,-23.587,-46.602,19,C:\Users\rickn\OneDrive\Documentos\GitHub\Projeto_Previsão_Alagamentos_TCC_2026\data\outputs\cemaden_raw\2016\data (5).csv
355030872A,,0.0,0.0,1,Freguesia do Ó,-23.476,-46.665,19,C:\Users\rickn\OneDrive\Documentos\GitHub\Projeto_Previsão_Alagamentos_TCC_2026\data\outputs\cemaden_raw\2016\data (5).csv
355030874A,,2.15,0.39,6,Pirituba,-23.489,-46.727,19,C:\Users\rickn\OneDrive\Documentos\GitHub\Projeto_Previsão_Alagamentos_TCC_2026\data\outputs\cemaden_raw\2016\data (5).csv
355030875A,,0.2,0.2,5,Jardim São Roberto,-23.622,-46.501,19,C:\Users\rickn\OneDrive\Documentos\GitHub\Projeto_Previsão_Alagamentos_TCC_2026\data\outputs\cemaden_raw\2016\data (5).csv
355030876A,,0.0,0.0,1,Ermelino Matarazzo,-23.5,-46.473,19,C:\Users\rickn\OneDrive\Documentos\GitHub\Projeto_Previsão_Alagamentos_TCC_2026\data\outputs\cemaden_raw\2016\data (5).csv
355030877A,,0.0,0.0,1,Vila Formosa,-23.561,-46.564,19,C:\Users\rickn\OneDrive\Documentos\GitHub\Projeto_Previsão_Alagamentos_TCC_2026\data\outputs\cemaden_raw\2016\data (5).csv
355030878A,,0.0,0.0,1,Lapa,-23.522,-46.695,19,C:\Users\rickn\OneDrive\Documentos\GitHub\Projeto_Previsão_Alagamentos_TCC_2026\data\outputs\cemaden_raw\2016\data (5).csv
355030880A,,0.0,0.0,1,Iguatemi,-23.609,-46.427,19,C:\Users\rickn\OneDrive\Documentos\GitHub\Projeto_Previsão_Alagamentos_TCC_2026\data\outputs\cemaden_raw\2016\data (5).csv
355030882A,,0.0,0.0,6,Campo Limpo,-23.647,-46.757,19,C:\Users\rickn\OneDrive\Documentos\GitHub\Projeto_Previsão_Alagamentos_TCC_2026\data\outputs\cemaden_raw\2016\data (5).csv
355030884A,,0.0,0.0,1,Lajeado,-23.545,-46.401,19,C:\Users\rickn\OneDrive\Documentos\GitHub\Projeto_Previsão_Alagamentos_TCC_2026\data\outputs\cemaden_raw\2016\data (5).csv
355030885A,,0.0,0.0,1,Jardim Anhanguera,-23.44,-46.788,19,C:\Users\rickn\OneDrive\Documentos\GitHub\Projeto_Previsão_Alagamentos_TCC_2026\data\outputs\cemaden_raw\2016\data (5).csv
355030886A,,0.0,0.0,1,Cangaíba,-23.499,-46.496,19,C:\Users\rickn\OneDrive\Documentos\GitHub\Projeto_Previsão_Alagamentos_TCC_2026\data\outputs\cemaden_raw\2016\data (5).csv
355030889A,,0.0,0.0,1,Capão Redondo,-23.686,-46.794,19,C:\Users\rickn\OneDrive\Documentos\GitHub\Projeto_Previsão_Alagamentos_TCC_2026\data\outputs\cemaden_raw\2016\data (5).csv
355030894A,,0.0,0.0,1,Parque Morumbi,-23.623,-46.727,19,C:\Users\rickn\OneDrive\Documentos\GitHub\Projeto_Previsão_Alagamentos_TCC_2026\data\outputs\cemaden_raw\2016\data (5).csv
355030895A,,0.0,0.0,1,Pirajussara,-23.638,-46.78,19,C:\Users\rickn\OneDrive\Documentos\GitHub\Projeto_Previsão_Alagamentos_TCC_2026\data\outputs\cemaden_raw\2016\data (5).csv
355030896A,,0.0,0.0,1,Jardim João XXIII,-23.6,-46.789,19,C:\Users\rickn\OneDrive\Documentos\GitHub\Projeto_Previsão_Alagamentos_TCC_2026\data\outputs\cemaden_raw\2016\data (5).csv
355030897A,,0.0,0.0,6,Jaguaré,-23.55,-46.743,19,C:\Users\rickn\OneDrive\Documentos\GitHub\Projeto_Previsão_Alagamentos_TCC_2026\data\outputs\cemaden_raw\2016\data (5).csv
355030898A,,0.0,0.0,1,Jardim Romano,-23.47888,-46.38121,19,C:\Users\rickn\OneDrive\Documentos\GitHub\Projeto_Previsão_Alagamentos_TCC_2026\data\outputs\cemaden_raw\2016\data (5).csv
355030899A,,1.0,0.2,6,Jardim Eledy,-23.649,-46.786,19,C:\Users\rickn\OneDrive\Documentos\GitHub\Projeto_Previsão_Alagamentos_TCC_2026\data\outputs\cemaden_raw\2016\data (5).csv
355030802A,,0.0,0.0,1,COHAB Inácio Monteiro,-23.569,-46.411,31,C:\Users\rickn\OneDrive\Documentos\GitHub\Projeto_Previsão_Alagamentos_TCC_2026\data\outputs\cemaden_raw\2017\data (5).csv
355030803A,,0.0,0.0,1,São João Clímaco,-23.622,-46.583,31,C:\Users\rickn\OneDrive\Documentos\GitHub\Projeto_Previsão_Alagamentos_TCC_2026\data\outputs\cemaden_raw\2017\data (5).csv
355030810A,,0.0,0.0,1,Chacara Dona Olivia,-23.513,-46.389,31,C:\Users\rickn\OneDrive\Documentos\GitHub\Projeto_Previsão_Alagamentos_TCC_2026\data\outputs\cemaden_raw\2017\data (5).csv
355030813A,,0.0,0.0,1,Jardim Guapira,-23.457,-46.584,31,C:\Users\rickn\OneDrive\Documentos\GitHub\Projeto_Previsão_Alagamentos_TCC_2026\data\outputs\cemaden_raw\2017\data (5).csv
355030814A,,0.0,0.0,1,Vila das Belezas,-23.647,-46.744,31,C:\Users\rickn\OneDrive\Documentos\GitHub\Projeto_Previsão_Alagamentos_TCC_2026\data\outputs\cemaden_raw\2017\data (5).csv
355030816A,,0.0,0.0,1,Jardim Sapopemba,-23.609,-46.494,31,C:\Users\rickn\OneDrive\Documentos\GitHub\Projeto_Previsão_Alagamentos_TCC_2026\data\outputs\cemaden_raw\2017\data (5).csv
355030817A,,0.0,0.0,1,Jardim Paraná,-23.448,-46.688,31,C:\Users\rickn\OneDrive\Documentos\GitHub\Projeto_Previsão_Alagamentos_TCC_2026\data\outputs\cemaden_raw\2017\data (5).csv
355030819A,,0.0,0.0,1,Boa Esperança,-23.603,-46.449,31,C:\Users\rickn\OneDrive\Documentos\GitHub\Projeto_Previsão_Alagamentos_TCC_2026\data\outputs\cemaden_raw\2017\data (5).csv
355030820A,,0.0,0.0,1,Cidade Tiradentes,-23.595,-46.406,31,C:\Users\rickn\OneDrive\Documentos\GitHub\Projeto_Previsão_Alagamentos_TCC_2026\data\outputs\cemaden_raw\2017\data (5).csv
355030822A,,0.0,0.0,1,Vila Leopoldina,-23.5351,-46.73533,31,C:\Users\rickn\OneDrive\Documentos\GitHub\Projeto_Previsão_Alagamentos_TCC_2026\data\outputs\cemaden_raw\2017\data (5).csv
355030824A,,0.0,0.0,1,Jardim Angela,-23.697,-46.765,31,C:\Users\rickn\OneDrive\Documentos\GitHub\Projeto_Previsão_Alagamentos_TCC_2026\data\outputs\cemaden_raw\2017\data (5).csv
355030825A,,0.0,0.0,1,Burgo Paulista,-23.517,-46.483,31,C:\Users\rickn\OneDrive\Documentos\GitHub\Projeto_Previsão_Alagamentos_TCC_2026\data\outputs\cemaden_raw\2017\data (5).csv
355030826A,,0.0,0.0,1,Mooca,-23.547,-46.596,31,C:\Users\rickn\OneDrive\Documentos\GitHub\Projeto_Previsão_Alagamentos_TCC_2026\data\outputs\cemaden_raw\2017\data (5).csv
355030827B,,0.0,0.0,1,Jardim Valparaiso,-23.424,-46.59,31,C:\Users\rickn\OneDrive\Documentos\GitHub\Projeto_Previsão_Alagamentos_TCC_2026\data\outputs\cemaden_raw\2017\data (5).csv
355030828A,,0.0,0.0,1,Jabaquara,-23.668,-46.635,31,C:\Users\rickn\OneDrive\Documentos\GitHub\Projeto_Previsão_Alagamentos_TCC_2026\data\outputs\cemaden_raw\2017\data (5).csv
355030834A,,0.0,0.0,1,Santo Amaro Paulista,-23.650398,-46.708183,31,C:\Users\rickn\OneDrive\Documentos\GitHub\Projeto_Previsão_Alagamentos_TCC_2026\data\outputs\cemaden_raw\2017\data (5).csv
355030836A,,0.0,0.0,1,Perdizes,-23.53,-46.676,31,C:\Users\rickn\OneDrive\Documentos\GitHub\Projeto_Previsão_Alagamentos_TCC_2026\data\outputs\cemaden_raw\2017\data (5).csv
355030837A,,0.0,0.0,1,Vila Clementino 2,-23.602743,-46.649511,31,C:\Users\rickn\OneDrive\Documentos\GitHub\Projeto_Previsão_Alagamentos_TCC_2026\data\outputs\cemaden_raw\2017\data (5).csv
355030838A,,0.0,0.0,1,Residencial Cocaia,-23.745,-46.66,31,C:\Users\rickn\OneDrive\Documentos\GitHub\Projeto_Previsão_Alagamentos_TCC_2026\data\outputs\cemaden_raw\2017\data (5).csv
355030846A,,0.0,0.0,1,Butantã,-23.589,-46.738,31,C:\Users\rickn\OneDrive\Documentos\GitHub\Projeto_Previsão_Alagamentos_TCC_2026\data\outputs\cemaden_raw\2017\data (5).csv
355030847A,,0.0,0.0,1,Vila Rubi,-23.728,-46.697,31,C:\Users\rickn\OneDrive\Documentos\GitHub\Projeto_Previsão_Alagamentos_TCC_2026\data\outputs\cemaden_raw\2017\data (5).csv
355030848A,,0.0,0.0,1,São Miguel Paulista,-23.5,-46.451,31,C:\Users\rickn\OneDrive\Documentos\GitHub\Projeto_Previsão_Alagamentos_TCC_2026\data\outputs\cemaden_raw\2017\data (5).csv
355030851A,,0.0,0.0,1,Jaraguá,-23.48,-46.762,31,C:\Users\rickn\OneDrive\Documentos\GitHub\Projeto_Previsão_Alagamentos_TCC_2026\data\outputs\cemaden_raw\2017\data (5).csv
355030852A,,0.0,0.0,1,Cidade Dutra,-23.72,-46.702,31,C:\Users\rickn\OneDrive\Documentos\GitHub\Projeto_Previsão_Alagamentos_TCC_2026\data\outputs\cemaden_raw\2017\data (5).csv
355030854A,,0.0,0.0,1,Vila Maria,-23.502,-46.591,31,C:\Users\rickn\OneDrive\Documentos\GitHub\Projeto_Previsão_Alagamentos_TCC_2026\data\outputs\cemaden_raw\2017\data (5).csv
355030855A,,0.0,0.0,1,Jardim Nossa S. Aparecida,-23.462,-46.712,31,C:\Users\rickn\OneDrive\Documentos\GitHub\Projeto_Previsão_Alagamentos_TCC_2026\data\outputs\cemaden_raw\2017\data (5).csv
355030856A,,0.0,0.0,1,Jardim Imperador,-23.64412,-46.60851,31,C:\Users\rickn\OneDrive\Documentos\GitHub\Projeto_Previsão_Alagamentos_TCC_2026\data\outputs\cemaden_raw\2017\data (5).csv
355030857A,,0.0,0.0,1,Centro ,-23.541,-46.629,31,C:\Users\rickn\OneDrive\Documentos\GitHub\Projeto_Previsão_Alagamentos_TCC_2026\data\outputs\cemaden_raw\2017\data (5).csv
355030860A,,0.0,0.0,1,Limão,-23.511,-46.667,31,C:\Users\rickn\OneDrive\Documentos\GitHub\Projeto_Previsão_Alagamentos_TCC_2026\data\outputs\cemaden_raw\2017\data (5).csv
355030861A,,0.0,0.0,1,Pedreira,-23.705,-46.644,31,C:\Users\rickn\OneDrive\Documentos\GitHub\Projeto_Previsão_Alagamentos_TCC_2026\data\outputs\cemaden_raw\2017\data (5).csv
355030862A,,0.0,0.0,1,Avenida Pacaembu,-23.524,-46.66,31,C:\Users\rickn\OneDrive\Documentos\GitHub\Projeto_Previsão_Alagamentos_TCC_2026\data\outputs\cemaden_raw\2017\data (5).csv
355030866A,,0.0,0.0,1,Penha3,-23.519,-46.521,31,C:\Users\rickn\OneDrive\Documentos\GitHub\Projeto_Previsão_Alagamentos_TCC_2026\data\outputs\cemaden_raw\2017\data (5).csv
355030868A,,0.0,0.0,1,Subprefeitura de Itaquera,-23.532,-46.447,31,C:\Users\rickn\OneDrive\Documentos\GitHub\Projeto_Previsão_Alagamentos_TCC_2026\data\outputs\cemaden_raw\2017\data (5).csv
355030869A,,0.0,0.0,1,Vila Prudente,-23.584,-46.561,31,C:\Users\rickn\OneDrive\Documentos\GitHub\Projeto_Previsão_Alagamentos_TCC_2026\data\outputs\cemaden_raw\2017\data (5).csv
355030871A,,0.0,0.0,1,Ipiranga,-23.587,-46.602,31,C:\Users\rickn\OneDrive\Documentos\GitHub\Projeto_Previsão_Alagamentos_TCC_2026\data\outputs\cemaden_raw\2017\data (5).csv
355030875A,,0.0,0.0,1,Jardim São Roberto,-23.622,-46.501,31,C:\Users\rickn\OneDrive\Documentos\GitHub\Projeto_Previsão_Alagamentos_TCC_2026\data\outputs\cemaden_raw\2017\data (5).csv
355030877A,,0.0,0.0,1,Vila Formosa,-23.561,-46.564,31,C:\Users\rickn\OneDrive\Documentos\GitHub\Projeto_Previsão_Alagamentos_TCC_2026\data\outputs\cemaden_raw\2017\data (5).csv
355030881A,,0.0,0.0,1,Itaim Paulista,-23.494,-46.417,31,C:\Users\rickn\OneDrive\Documentos\GitHub\Projeto_Previsão_Alagamentos_TCC_2026\data\outputs\cemaden_raw\2017\data (5).csv
355030882A,,0.0,0.0,1,Campo Limpo,-23.647,-46.757,31,C:\Users\rickn\OneDrive\Documentos\GitHub\Projeto_Previsão_Alagamentos_TCC_2026\data\outputs\cemaden_raw\2017\data (5).csv
355030884A,,0.0,0.0,1,Lajeado,-23.545,-46.401,31,C:\Users\rickn\OneDrive\Documentos\GitHub\Projeto_Previsão_Alagamentos_TCC_2026\data\outputs\cemaden_raw\2017\data (5).csv
355030885A,,0.0,0.0,1,Jardim Anhanguera,-23.44,-46.788,31,C:\Users\rickn\OneDrive\Documentos\GitHub\Projeto_Previsão_Alagamentos_TCC_2026\data\outputs\cemaden_raw\2017\data (5).csv
355030886A,,0.0,0.0,1,Cangaíba,-23.499,-46.496,31,C:\Users\rickn\OneDrive\Documentos\GitHub\Projeto_Previsão_Alagamentos_TCC_2026\data\outputs\cemaden_raw\2017\data (5).csv
355030889A,,0.0,0.0,1,Capão Redondo,-23.686,-46.794,31,C:\Users\rickn\OneDrive\Documentos\GitHub\Projeto_Previsão_Alagamentos_TCC_2026\data\outputs\cemaden_raw\2017\data (5).csv
355030895A,,0.0,0.0,1,Pirajussara,-23.638,-46.78,31,C:\Users\rickn\OneDrive\Documentos\GitHub\Projeto_Previsão_Alagamentos_TCC_2026\data\outputs\cemaden_raw\2017\data (5).csv
355030897A,,0.0,0.0,1,Jaguaré,-23.55,-46.743,31,C:\Users\rickn\OneDrive\Documentos\GitHub\Projeto_Previsão_Alagamentos_TCC_2026\data\outputs\cemaden_raw\2017\data (5).csv
355030898A,,0.0,0.0,1,Jardim Romano,-23.47888,-46.38121,31,C:\Users\rickn\OneDrive\Documentos\GitHub\Projeto_Previsão_Alagamentos_TCC_2026\data\outputs\cemaden_raw\2017\data (5).csv
355030899A,,0.0,0.0,1,Jardim Eledy,-23.649,-46.786,31,C:\Users\rickn\OneDrive\Documentos\GitHub\Projeto_Previsão_Alagamentos_TCC_2026\data\outputs\cemaden_raw\2017\data (5).csv
355030801A,,0.6000000000000001,0.2,3,Jardim Paulistano,-23.582,-46.751,40,C:\Users\rickn\OneDrive\Documentos\GitHub\Projeto_Previsão_Alagamentos_TCC_2026\data\outputs\cemaden_raw\2018\data (14).csv
355030801B,,0.0,0.0,1,José Bonifácio,-23.547,-46.439,40,C:\Users\rickn\OneDrive\Documentos\GitHub\Projeto_Previsão_Alagamentos_TCC_2026\data\outputs\cemaden_raw\2018\data (14).csv
355030802A,,0.0,0.0,1,COHAB Inácio Monteiro,-23.569,-46.411,40,C:\Users\rickn\OneDrive\Documentos\GitHub\Projeto_Previsão_Alagamentos_TCC_2026\data\outputs\cemaden_raw\2018\data (14).csv
355030806A,,0.0,0.0,1,Cidade Tiradentes 2,-23.58,-46.383,40,C:\Users\rickn\OneDrive\Documentos\GitHub\Projeto_Previsão_Alagamentos_TCC_2026\data\outputs\cemaden_raw\2018\data (14).csv
355030807A,,0.0,0.0,1,Jardim dos Alamos,-23.816,-46.736,40,C:\Users\rickn\OneDrive\Documentos\GitHub\Projeto_Previsão_Alagamentos_TCC_2026\data\outputs\cemaden_raw\2018\data (14).csv
355030808A,,0.0,0.0,1,Vila Clementino,-23.599,-46.65,40,C:\Users\rickn\OneDrive\Documentos\GitHub\Projeto_Previsão_Alagamentos_TCC_2026\data\outputs\cemaden_raw\2018\data (14).csv
355030809A,,0.0,0.0,1,Jardim São Luis,-23.667,-46.728,40,C:\Users\rickn\OneDrive\Documentos\GitHub\Projeto_Previsão_Alagamentos_TCC_2026\data\outputs\cemaden_raw\2018\data (14).csv
355030810A,,0.0,0.0,1,Chacara Dona Olivia,-23.513,-46.389,40,C:\Users\rickn\OneDrive\Documentos\GitHub\Projeto_Previsão_Alagamentos_TCC_2026\data\outputs\cemaden_raw\2018\data (14).csv
355030811A,,0.0,0.0,1,AC Santana,-23.50248,-46.628836,40,C:\Users\rickn\OneDrive\Documentos\GitHub\Projeto_Previsão_Alagamentos_TCC_2026\data\outputs\cemaden_raw\2018\data (14).csv
355030812A,,1.0,0.2,5,Luz,-23.531015,-46.632533,40,C:\Users\rickn\OneDrive\Documentos\GitHub\Projeto_Previsão_Alagamentos_TCC_2026\data\outputs\cemaden_raw\2018\data (14).csv
355030813A,,0.2,0.2,2,Jardim Guapira,-23.457,-46.584,40,C:\Users\rickn\OneDrive\Documentos\GitHub\Projeto_Previsão_Alagamentos_TCC_2026\data\outputs\cemaden_raw\2018\data (14).csv
355030816A,,0.0,0.0,1,Jardim Sapopemba,-23.609,-46.494,40,C:\Users\rickn\OneDrive\Documentos\GitHub\Projeto_Previsão_Alagamentos_TCC_2026\data\outputs\cemaden_raw\2018\data (14).csv
355030818A,,0.0,0.0,1,Itaquera2,-23.522,-46.457,40,C:\Users\rickn\OneDrive\Documentos\GitHub\Projeto_Previsão_Alagamentos_TCC_2026\data\outputs\cemaden_raw\2018\data (14).csv
355030819A,,0.0,0.0,1,Boa Esperança,-23.603,-46.449,40,C:\Users\rickn\OneDrive\Documentos\GitHub\Projeto_Previsão_Alagamentos_TCC_2026\data\outputs\cemaden_raw\2018\data (14).csv
355030820A,,0.4,0.2,3,Cidade Tiradentes,-23.595,-46.406,40,C:\Users\rickn\OneDrive\Documentos\GitHub\Projeto_Previsão_Alagamentos_TCC_2026\data\outputs\cemaden_raw\2018\data (14).csv
355030822A,,0.0,0.0,1,Vila Leopoldina,-23.5351,-46.73533,40,C:\Users\rickn\OneDrive\Documentos\GitHub\Projeto_Previsão_Alagamentos_TCC_2026\data\outputs\cemaden_raw\2018\data (14).csv
355030822B,,0.0,0.0,1,Avenida Oratório,-23.613,-46.523,40,C:\Users\rickn\OneDrive\Documentos\GitHub\Projeto_Previsão_Alagamentos_TCC_2026\data\outputs\cemaden_raw\2018\data (14).csv
355030824A,,0.0,0.0,1,Jardim Angela,-23.697,-46.765,40,C:\Users\rickn\OneDrive\Documentos\GitHub\Projeto_Previsão_Alagamentos_TCC_2026\data\outputs\cemaden_raw\2018\data (14).csv
355030825A,,0.0,0.0,1,Burgo Paulista,-23.517,-46.483,40,C:\Users\rickn\OneDrive\Documentos\GitHub\Projeto_Previsão_Alagamentos_TCC_2026\data\outputs\cemaden_raw\2018\data (14).csv
355030827B,,0.0,0.0,1,Jardim Valparaiso,-23.424,-46.59,40,C:\Users\rickn\OneDrive\Documentos\GitHub\Projeto_Previsão_Alagamentos_TCC_2026\data\outputs\cemaden_raw\2018\data (14).csv
355030828A,,0.0,0.0,1,Jabaquara,-23.668,-46.635,40,C:\Users\rickn\OneDrive\Documentos\GitHub\Projeto_Previsão_Alagamentos_TCC_2026\data\outputs\cemaden_raw\2018\data (14).csv
355030831A,,0.2,0.2,2,AC Almeida Lima,-23.55196,-46.608613,40,C:\Users\rickn\OneDrive\Documentos\GitHub\Projeto_Previsão_Alagamentos_TCC_2026\data\outputs\cemaden_raw\2018\data (14).csv
355030833A,,0.8,0.2,4,AC Central de SP,-23.543311,-46.635987,40,C:\Users\rickn\OneDrive\Documentos\GitHub\Projeto_Previsão_Alagamentos_TCC_2026\data\outputs\cemaden_raw\2018\data (14).csv
355030834A,,0.0,0.0,1,Santo Amaro Paulista,-23.650398,-46.708183,40,C:\Users\rickn\OneDrive\Documentos\GitHub\Projeto_Previsão_Alagamentos_TCC_2026\data\outputs\cemaden_raw\2018\data (14).csv
355030838A,,0.0,0.0,1,Residencial Cocaia,-23.745,-46.66,40,C:\Users\rickn\OneDrive\Documentos\GitHub\Projeto_Previsão_Alagamentos_TCC_2026\data\outputs\cemaden_raw\2018\data (14).csv
355030842A,,0.0,0.0,1,Jardim da Saúde,-23.612,-46.617,40,C:\Users\rickn\OneDrive\Documentos\GitHub\Projeto_Previsão_Alagamentos_TCC_2026\data\outputs\cemaden_raw\2018\data (14).csv
355030844A,,0.0,0.0,1,Barro Branco,-23.767,-46.68,40,C:\Users\rickn\OneDrive\Documentos\GitHub\Projeto_Previsão_Alagamentos_TCC_2026\data\outputs\cemaden_raw\2018\data (14).csv
355030849A,,0.0,0.0,1,Vila Carrão,-23.575,-46.526,40,C:\Users\rickn\OneDrive\Documentos\GitHub\Projeto_Previsão_Alagamentos_TCC_2026\data\outputs\cemaden_raw\2018\data (14).csv
355030850A,,0.0,0.0,1,CEU São Rafael,-23.62034,-46.45687,40,C:\Users\rickn\OneDrive\Documentos\GitHub\Projeto_Previsão_Alagamentos_TCC_2026\data\outputs\cemaden_raw\2018\data (14).csv
355030851A,,0.0,0.0,1,Jaraguá,-23.48,-46.762,40,C:\Users\rickn\OneDrive\Documentos\GitHub\Projeto_Previsão_Alagamentos_TCC_2026\data\outputs\cemaden_raw\2018\data (14).csv
355030852A,,0.0,0.0,1,Cidade Dutra,-23.72,-46.702,40,C:\Users\rickn\OneDrive\Documentos\GitHub\Projeto_Previsão_Alagamentos_TCC_2026\data\outputs\cemaden_raw\2018\data (14).csv
355030853A,,0.2,0.2,2,Pinheiros,-23.563,-46.703,40,C:\Users\rickn\OneDrive\Documentos\GitHub\Projeto_Previsão_Alagamentos_TCC_2026\data\outputs\cemaden_raw\2018\data (14).csv
355030856A,,0.0,0.0,1,Jardim Imperador,-23.64412,-46.60851,40,C:\Users\rickn\OneDrive\Documentos\GitHub\Projeto_Previsão_Alagamentos_TCC_2026\data\outputs\cemaden_raw\2018\data (14).csv
355030858A,,0.0,0.0,1,Jardim Vera Cruz,-23.736,-46.78,40,C:\Users\rickn\OneDrive\Documentos\GitHub\Projeto_Previsão_Alagamentos_TCC_2026\data\outputs\cemaden_raw\2018\data (14).csv
355030860A,,0.0,0.0,1,Limão,-23.511,-46.667,40,C:\Users\rickn\OneDrive\Documentos\GitHub\Projeto_Previsão_Alagamentos_TCC_2026\data\outputs\cemaden_raw\2018\data (14).csv
355030861A,,0.0,0.0,1,Pedreira,-23.705,-46.644,40,C:\Users\rickn\OneDrive\Documentos\GitHub\Projeto_Previsão_Alagamentos_TCC_2026\data\outputs\cemaden_raw\2018\data (14).csv
355030864A,,0.0,0.0,1,São Mateus,-23.6,-46.468,40,C:\Users\rickn\OneDrive\Documentos\GitHub\Projeto_Previsão_Alagamentos_TCC_2026\data\outputs\cemaden_raw\2018\data (14).csv
355030865A,,0.0,0.0,1,Vila Constância,-23.668,-46.674,40,C:\Users\rickn\OneDrive\Documentos\GitHub\Projeto_Previsão_Alagamentos_TCC_2026\data\outputs\cemaden_raw\2018\data (14).csv
355030866A,,0.2,0.2,1,Penha3,-23.519,-46.521,40,C:\Users\rickn\OneDrive\Documentos\GitHub\Projeto_Previsão_Alagamentos_TCC_2026\data\outputs\cemaden_raw\2018\data (14).csv
355030867A,,0.0,0.0,1,C.E.U Parelheiros,-23.829,-46.724,40,C:\Users\rickn\OneDrive\Documentos\GitHub\Projeto_Previsão_Alagamentos_TCC_2026\data\outputs\cemaden_raw\2018\data (14).csv
355030868A,,0.0,0.0,1,Subprefeitura de Itaquera,-23.532,-46.447,40,C:\Users\rickn\OneDrive\Documentos\GitHub\Projeto_Previsão_Alagamentos_TCC_2026\data\outputs\cemaden_raw\2018\data (14).csv
355030869A,,0.0,0.0,1,Vila Prudente,-23.584,-46.561,40,C:\Users\rickn\OneDrive\Documentos\GitHub\Projeto_Previsão_Alagamentos_TCC_2026\data\outputs\cemaden_raw\2018\data (14).csv
355030870A,,0.0,0.0,1,Jabaquara,-23.649,-46.64,40,C:\Users\rickn\OneDrive\Documentos\GitHub\Projeto_Previsão_Alagamentos_TCC_2026\data\outputs\cemaden_raw\2018\data (14).csv
355030871A,,0.0,0.0,1,Ipiranga,-23.587,-46.602,40,C:\Users\rickn\OneDrive\Documentos\GitHub\Projeto_Previsão_Alagamentos_TCC_2026\data\outputs\cemaden_raw\2018\data (14).csv
355030872A,,0.2,0.2,2,Freguesia do Ó,-23.476,-46.665,40,C:\Users\rickn\OneDrive\Documentos\GitHub\Projeto_Previsão_Alagamentos_TCC_2026\data\outputs\cemaden_raw\2018\data (14).csv
355030873A,,0.2,0.2,2,Perus,-23.407,-46.753,40,C:\Users\rickn\OneDrive\Documentos\GitHub\Projeto_Previsão_Alagamentos_TCC_2026\data\outputs\cemaden_raw\2018\data (14).csv
355030874A,,0.0,0.0,1,Pirituba,-23.489,-46.727,40,C:\Users\rickn\OneDrive\Documentos\GitHub\Projeto_Previsão_Alagamentos_TCC_2026\data\outputs\cemaden_raw\2018\data (14).csv
355030875A,,0.0,0.0,1,Jardim São Roberto,-23.622,-46.501,40,C:\Users\rickn\OneDrive\Documentos\GitHub\Projeto_Previsão_Alagamentos_TCC_2026\data\outputs\cemaden_raw\2018\data (14).csv
355030876A,,0.0,0.0,1,Ermelino Matarazzo,-23.5,-46.473,40,C:\Users\rickn\OneDrive\Documentos\GitHub\Projeto_Previsão_Alagamentos_TCC_2026\data\outputs\cemaden_raw\2018\data (14).csv
355030877A,,0.0,0.0,1,Vila Formosa,-23.561,-46.564,40,C:\Users\rickn\OneDrive\Documentos\GitHub\Projeto_Previsão_Alagamentos_TCC_2026\data\outputs\cemaden_raw\2018\data (14).csv
355030878A,,0.0,0.0,1,Lapa,-23.522,-46.695,40,C:\Users\rickn\OneDrive\Documentos\GitHub\Projeto_Previsão_Alagamentos_TCC_2026\data\outputs\cemaden_raw\2018\data (14).csv
355030879A,,0.2,0.2,2,Avenida Tucuruvi,-23.481,-46.604,40,C:\Users\rickn\OneDrive\Documentos\GitHub\Projeto_Previsão_Alagamentos_TCC_2026\data\outputs\cemaden_raw\2018\data (14).csv
355030880A,,0.0,0.0,1,Iguatemi,-23.609,-46.427,40,C:\Users\rickn\OneDrive\Documentos\GitHub\Projeto_Previsão_Alagamentos_TCC_2026\data\outputs\cemaden_raw\2018\data (14).csv
355030881A,,0.2,0.2,2,Itaim Paulista,-23.494,-46.417,40,C:\Users\rickn\OneDrive\Documentos\GitHub\Projeto_Previsão_Alagamentos_TCC_2026\data\outputs\cemaden_raw\2018\data (14).csv
355030882A,,0.0,0.0,1,Campo Limpo,-23.647,-46.757,40,C:\Users\rickn\OneDrive\Documentos\GitHub\Projeto_Previsão_Alagamentos_TCC_2026\data\outputs\cemaden_raw\2018\data (14).csv
355030884A,,0.0,0.0,1,Lajeado,-23.545,-46.401,40,C:\Users\rickn\OneDrive\Documentos\GitHub\Projeto_Previsão_Alagamentos_TCC_2026\data\outputs\cemaden_raw\2018\data (14).csv
355030885A,,0.6000000000000001,0.2,3,Jardim Anhanguera,-23.44,-46.788,40,C:\Users\rickn\OneDrive\Documentos\GitHub\Projeto_Previsão_Alagamentos_TCC_2026\data\outputs\cemaden_raw\2018\data (14).csv
355030886A,,0.2,0.2,2,Cangaíba,-23.499,-46.496,40,C:\Users\rickn\OneDrive\Documentos\GitHub\Projeto_Previsão_Alagamentos_TCC_2026\data\outputs\cemaden_raw\2018\data (14).csv
355030889A,,0.2,0.2,2,Capão Redondo,-23.686,-46.794,40,C:\Users\rickn\OneDrive\Documentos\GitHub\Projeto_Previsão_Alagamentos_TCC_2026\data\outputs\cemaden_raw\2018\data (14).csv
355030892A,,0.0,0.0,1,Jardim São Pedro,-23.555,-46.423,40,C:\Users\rickn\OneDrive\Documentos\GitHub\Projeto_Previsão_Alagamentos_TCC_2026\data\outputs\cemaden_raw\2018\data (14).csv
355030894A,,0.2,0.2,2,Parque Morumbi,-23.623,-46.727,40,C:\Users\rickn\OneDrive\Documentos\GitHub\Projeto_Previsão_Alagamentos_TCC_2026\data\outputs\cemaden_raw\2018\data (14).csv
355030895A,,0.0,0.0,1,Pirajussara,-23.638,-46.78,40,C:\Users\rickn\OneDrive\Documentos\GitHub\Projeto_Previsão_Alagamentos_TCC_2026\data\outputs\cemaden_raw\2018\data (14).csv
355030896A,,0.0,0.0,1,Jardim João XXIII,-23.6,-46.789,40,C:\Users\rickn\OneDrive\Documentos\GitHub\Projeto_Previsão_Alagamentos_TCC_2026\data\outputs\cemaden_raw\2018\data (14).csv
355030897A,,0.0,0.0,1,Jaguaré,-23.55,-46.743,40,C:\Users\rickn\OneDrive\Documentos\GitHub\Projeto_Previsão_Alagamentos_TCC_2026\data\outputs\cemaden_raw\2018\data (14).csv
355030898A,,0.2,0.2,2,Jardim Romano,-23.47888,-46.38121,40,C:\Users\rickn\OneDrive\Documentos\GitHub\Projeto_Previsão_Alagamentos_TCC_2026\data\outputs\cemaden_raw\2018\data (14).csv
355030899A,,0.0,0.0,1,Jardim Eledy,-23.649,-46.786,40,C:\Users\rickn\OneDrive\Documentos\GitHub\Projeto_Previsão_Alagamentos_TCC_2026\data\outputs\cemaden_raw\2018\data (14).csv
355030801A,,0.0,0.0,1,Jardim Paulistano,-23.582,-46.751,43,C:\Users\rickn\OneDrive\Documentos\GitHub\Projeto_Previsão_Alagamentos_TCC_2026\data\outputs\cemaden_raw\2018\data (5).csv
355030801B,,0.0,0.0,1,José Bonifácio,-23.547,-46.439,43,C:\Users\rickn\OneDrive\Documentos\GitHub\Projeto_Previsão_Alagamentos_TCC_2026\data\outputs\cemaden_raw\2018\data (5).csv
355030803A,,0.0,0.0,1,São João Clímaco,-23.622,-46.583,43,C:\Users\rickn\OneDrive\Documentos\GitHub\Projeto_Previsão_Alagamentos_TCC_2026\data\outputs\cemaden_raw\2018\data (5).csv
355030806A,,0.0,0.0,1,Cidade Tiradentes 2,-23.58,-46.383,43,C:\Users\rickn\OneDrive\Documentos\GitHub\Projeto_Previsão_Alagamentos_TCC_2026\data\outputs\cemaden_raw\2018\data (5).csv
355030807A,,0.0,0.0,1,Jardim dos Alamos,-23.816,-46.736,43,C:\Users\rickn\OneDrive\Documentos\GitHub\Projeto_Previsão_Alagamentos_TCC_2026\data\outputs\cemaden_raw\2018\data (5).csv
355030808A,,0.0,0.0,1,Vila Clementino,-23.599,-46.65,43,C:\Users\rickn\OneDrive\Documentos\GitHub\Projeto_Previsão_Alagamentos_TCC_2026\data\outputs\cemaden_raw\2018\data (5).csv
355030808B,,0.0,0.0,1,Senai Pirituba,-23.501,-46.751,43,C:\Users\rickn\OneDrive\Documentos\GitHub\Projeto_Previsão_Alagamentos_TCC_2026\data\outputs\cemaden_raw\2018\data (5).csv
355030809A,,0.0,0.0,1,Jardim São Luis,-23.667,-46.728,43,C:\Users\rickn\OneDrive\Documentos\GitHub\Projeto_Previsão_Alagamentos_TCC_2026\data\outputs\cemaden_raw\2018\data (5).csv
355030810A,,0.0,0.0,1,Chacara Dona Olivia,-23.513,-46.389,43,C:\Users\rickn\OneDrive\Documentos\GitHub\Projeto_Previsão_Alagamentos_TCC_2026\data\outputs\cemaden_raw\2018\data (5).csv
355030811A,,0.0,0.0,1,AC Santana,-23.50248,-46.628836,43,C:\Users\rickn\OneDrive\Documentos\GitHub\Projeto_Previsão_Alagamentos_TCC_2026\data\outputs\cemaden_raw\2018\data (5).csv
355030812A,,0.0,0.0,1,Luz,-23.531015,-46.632533,43,C:\Users\rickn\OneDrive\Documentos\GitHub\Projeto_Previsão_Alagamentos_TCC_2026\data\outputs\cemaden_raw\2018\data (5).csv
355030813A,,0.0,0.0,1,Jardim Guapira,-23.457,-46.584,43,C:\Users\rickn\OneDrive\Documentos\GitHub\Projeto_Previsão_Alagamentos_TCC_2026\data\outputs\cemaden_raw\2018\data (5).csv
355030816A,,0.0,0.0,1,Jardim Sapopemba,-23.609,-46.494,43,C:\Users\rickn\OneDrive\Documentos\GitHub\Projeto_Previsão_Alagamentos_TCC_2026\data\outputs\cemaden_raw\2018\data (5).csv
355030817A,,0.0,0.0,1,Jardim Paraná,-23.448,-46.688,43,C:\Users\rickn\OneDrive\Documentos\GitHub\Projeto_Previsão_Alagamentos_TCC_2026\data\outputs\cemaden_raw\2018\data (5).csv
355030818A,,0.0,0.0,1,Itaquera2,-23.522,-46.457,43,C:\Users\rickn\OneDrive\Documentos\GitHub\Projeto_Previsão_Alagamentos_TCC_2026\data\outputs\cemaden_raw\2018\data (5).csv
355030819A,,0.0,0.0,1,Boa Esperança,-23.603,-46.449,43,C:\Users\rickn\OneDrive\Documentos\GitHub\Projeto_Previsão_Alagamentos_TCC_2026\data\outputs\cemaden_raw\2018\data (5).csv
355030820A,,0.0,0.0,1,Cidade Tiradentes,-23.595,-46.406,43,C:\Users\rickn\OneDrive\Documentos\GitHub\Projeto_Previsão_Alagamentos_TCC_2026\data\outputs\cemaden_raw\2018\data (5).csv
355030822A,,0.0,0.0,1,Vila Leopoldina,-23.5351,-46.73533,43,C:\Users\rickn\OneDrive\Documentos\GitHub\Projeto_Previsão_Alagamentos_TCC_2026\data\outputs\cemaden_raw\2018\data (5).csv
355030822B,,0.0,0.0,1,Avenida Oratório,-23.613,-46.523,43,C:\Users\rickn\OneDrive\Documentos\GitHub\Projeto_Previsão_Alagamentos_TCC_2026\data\outputs\cemaden_raw\2018\data (5).csv
355030824A,,0.0,0.0,1,Jardim Angela,-23.697,-46.765,43,C:\Users\rickn\OneDrive\Documentos\GitHub\Projeto_Previsão_Alagamentos_TCC_2026\data\outputs\cemaden_raw\2018\data (5).csv
355030825A,,0.0,0.0,1,Burgo Paulista,-23.517,-46.483,43,C:\Users\rickn\OneDrive\Documentos\GitHub\Projeto_Previsão_Alagamentos_TCC_2026\data\outputs\cemaden_raw\2018\data (5).csv
355030826A,,0.0,0.0,1,Mooca,-23.547,-46.596,43,C:\Users\rickn\OneDrive\Documentos\GitHub\Projeto_Previsão_Alagamentos_TCC_2026\data\outputs\cemaden_raw\2018\data (5).csv
355030827B,,0.0,0.0,1,Jardim Valparaiso,-23.424,-46.59,43,C:\Users\rickn\OneDrive\Documentos\GitHub\Projeto_Previsão_Alagamentos_TCC_2026\data\outputs\cemaden_raw\2018\data (5).csv
355030828A,,0.0,0.0,1,Jabaquara,-23.668,-46.635,43,C:\Users\rickn\OneDrive\Documentos\GitHub\Projeto_Previsão_Alagamentos_TCC_2026\data\outputs\cemaden_raw\2018\data (5).csv
355030831A,,0.0,0.0,1,AC Almeida Lima,-23.55196,-46.608613,43,C:\Users\rickn\OneDrive\Documentos\GitHub\Projeto_Previsão_Alagamentos_TCC_2026\data\outputs\cemaden_raw\2018\data (5).csv
355030833A,,0.0,0.0,1,AC Central de SP,-23.543311,-46.635987,43,C:\Users\rickn\OneDrive\Documentos\GitHub\Projeto_Previsão_Alagamentos_TCC_2026\data\outputs\cemaden_raw\2018\data (5).csv
355030834A,,0.0,0.0,1,Santo Amaro Paulista,-23.650398,-46.708183,43,C:\Users\rickn\OneDrive\Documentos\GitHub\Projeto_Previsão_Alagamentos_TCC_2026\data\outputs\cemaden_raw\2018\data (5).csv
355030836A,,0.0,0.0,1,Perdizes,-23.53,-46.676,43,C:\Users\rickn\OneDrive\Documentos\GitHub\Projeto_Previsão_Alagamentos_TCC_2026\data\outputs\cemaden_raw\2018\data (5).csv
355030838A,,0.0,0.0,1,Residencial Cocaia,-23.745,-46.66,43,C:\Users\rickn\OneDrive\Documentos\GitHub\Projeto_Previsão_Alagamentos_TCC_2026\data\outputs\cemaden_raw\2018\data (5).csv
355030842A,,0.0,0.0,1,Jardim da Saúde,-23.612,-46.617,43,C:\Users\rickn\OneDrive\Documentos\GitHub\Projeto_Previsão_Alagamentos_TCC_2026\data\outputs\cemaden_raw\2018\data (5).csv
355030844A,,0.0,0.0,1,Barro Branco,-23.767,-46.68,43,C:\Users\rickn\OneDrive\Documentos\GitHub\Projeto_Previsão_Alagamentos_TCC_2026\data\outputs\cemaden_raw\2018\data (5).csv
355030846A,,0.0,0.0,1,Butantã,-23.589,-46.738,43,C:\Users\rickn\OneDrive\Documentos\GitHub\Projeto_Previsão_Alagamentos_TCC_2026\data\outputs\cemaden_raw\2018\data (5).csv
355030847A,,0.0,0.0,1,Vila Rubi,-23.728,-46.697,43,C:\Users\rickn\OneDrive\Documentos\GitHub\Projeto_Previsão_Alagamentos_TCC_2026\data\outputs\cemaden_raw\2018\data (5).csv
355030849A,,0.0,0.0,1,Vila Carrão,-23.575,-46.526,43,C:\Users\rickn\OneDrive\Documentos\GitHub\Projeto_Previsão_Alagamentos_TCC_2026\data\outputs\cemaden_raw\2018\data (5).csv
355030850A,,0.0,0.0,1,CEU São Rafael,-23.62034,-46.45687,43,C:\Users\rickn\OneDrive\Documentos\GitHub\Projeto_Previsão_Alagamentos_TCC_2026\data\outputs\cemaden_raw\2018\data (5).csv
355030851A,,0.0,0.0,1,Jaraguá,-23.48,-46.762,43,C:\Users\rickn\OneDrive\Documentos\GitHub\Projeto_Previsão_Alagamentos_TCC_2026\data\outputs\cemaden_raw\2018\data (5).csv
355030852A,,0.0,0.0,1,Cidade Dutra,-23.72,-46.702,43,C:\Users\rickn\OneDrive\Documentos\GitHub\Projeto_Previsão_Alagamentos_TCC_2026\data\outputs\cemaden_raw\2018\data (5).csv
355030853A,,0.0,0.0,1,Pinheiros,-23.563,-46.703,43,C:\Users\rickn\OneDrive\Documentos\GitHub\Projeto_Previsão_Alagamentos_TCC_2026\data\outputs\cemaden_raw\2018\data (5).csv
355030856A,,0.0,0.0,1,Jardim Imperador,-23.64412,-46.60851,43,C:\Users\rickn\OneDrive\Documentos\GitHub\Projeto_Previsão_Alagamentos_TCC_2026\data\outputs\cemaden_raw\2018\data (5).csv
355030858A,,0.0,0.0,1,Jardim Vera Cruz,-23.736,-46.78,43,C:\Users\rickn\OneDrive\Documentos\GitHub\Projeto_Previsão_Alagamentos_TCC_2026\data\outputs\cemaden_raw\2018\data (5).csv
355030864A,,0.0,0.0,1,São Mateus,-23.6,-46.468,43,C:\Users\rickn\OneDrive\Documentos\GitHub\Projeto_Previsão_Alagamentos_TCC_2026\data\outputs\cemaden_raw\2018\data (5).csv
355030865A,,0.0,0.0,1,Vila Constância,-23.668,-46.674,43,C:\Users\rickn\OneDrive\Documentos\GitHub\Projeto_Previsão_Alagamentos_TCC_2026\data\outputs\cemaden_raw\2018\data (5).csv
355030866A,,0.0,0.0,1,Penha3,-23.519,-46.521,43,C:\Users\rickn\OneDrive\Documentos\GitHub\Projeto_Previsão_Alagamentos_TCC_2026\data\outputs\cemaden_raw\2018\data (5).csv
355030868A,,0.0,0.0,1,Subprefeitura de Itaquera,-23.532,-46.447,43,C:\Users\rickn\OneDrive\Documentos\GitHub\Projeto_Previsão_Alagamentos_TCC_2026\data\outputs\cemaden_raw\2018\data (5).csv
355030869A,,0.0,0.0,1,Vila Prudente,-23.584,-46.561,43,C:\Users\rickn\OneDrive\Documentos\GitHub\Projeto_Previsão_Alagamentos_TCC_2026\data\outputs\cemaden_raw\2018\data (5).csv
355030870A,,0.0,0.0,1,Jabaquara,-23.649,-46.64,43,C:\Users\rickn\OneDrive\Documentos\GitHub\Projeto_Previsão_Alagamentos_TCC_2026\data\outputs\cemaden_raw\2018\data (5).csv
355030871A,,0.0,0.0,1,Ipiranga,-23.587,-46.602,43,C:\Users\rickn\OneDrive\Documentos\GitHub\Projeto_Previsão_Alagamentos_TCC_2026\data\outputs\cemaden_raw\2018\data (5).csv
355030873A,,0.0,0.0,1,Perus,-23.407,-46.753,43,C:\Users\rickn\OneDrive\Documentos\GitHub\Projeto_Previsão_Alagamentos_TCC_2026\data\outputs\cemaden_raw\2018\data (5).csv
355030876A,,0.0,0.0,1,Ermelino Matarazzo,-23.5,-46.473,43,C:\Users\rickn\OneDrive\Documentos\GitHub\Projeto_Previsão_Alagamentos_TCC_2026\data\outputs\cemaden_raw\2018\data (5).csv
355030877A,,0.0,0.0,1,Vila Formosa,-23.561,-46.564,43,C:\Users\rickn\OneDrive\Documentos\GitHub\Projeto_Previsão_Alagamentos_TCC_2026\data\outputs\cemaden_raw\2018\data (5).csv
355030878A,,0.0,0.0,1,Lapa,-23.522,-46.695,43,C:\Users\rickn\OneDrive\Documentos\GitHub\Projeto_Previsão_Alagamentos_TCC_2026\data\outputs\cemaden_raw\2018\data (5).csv
355030879A,,0.0,0.0,1,Avenida Tucuruvi,-23.481,-46.604,43,C:\Users\rickn\OneDrive\Documentos\GitHub\Projeto_Previsão_Alagamentos_TCC_2026\data\outputs\cemaden_raw\2018\data (5).csv
355030881A,,0.0,0.0,1,Itaim Paulista,-23.494,-46.417,43,C:\Users\rickn\OneDrive\Documentos\GitHub\Projeto_Previsão_Alagamentos_TCC_2026\data\outputs\cemaden_raw\2018\data (5).csv
355030885A,,0.0,0.0,1,Jardim Anhanguera,-23.44,-46.788,43,C:\Users\rickn\OneDrive\Documentos\GitHub\Projeto_Previsão_Alagamentos_TCC_2026\data\outputs\cemaden_raw\2018\data (5).csv
355030894A,,0.0,0.0,1,Parque Morumbi,-23.623,-46.727,43,C:\Users\rickn\OneDrive\Documentos\GitHub\Projeto_Previsão_Alagamentos_TCC_2026\data\outputs\cemaden_raw\2018\data (5).csv
355030895A,,0.0,0.0,1,Pirajussara,-23.638,-46.78,43,C:\Users\rickn\OneDrive\Documentos\GitHub\Projeto_Previsão_Alagamentos_TCC_2026\data\outputs\cemaden_raw\2018\data (5).csv
355030897A,,0.0,0.0,1,Jaguaré,-23.55,-46.743,43,C:\Users\rickn\OneDrive\Documentos\GitHub\Projeto_Previsão_Alagamentos_TCC_2026\data\outputs\cemaden_raw\2018\data (5).csv
355030898A,,0.0,0.0,1,Jardim Romano,-23.47888,-46.38121,43,C:\Users\rickn\OneDrive\Documentos\GitHub\Projeto_Previsão_Alagamentos_TCC_2026\data\outputs\cemaden_raw\2018\data (5).csv
355030899A,,0.0,0.0,1,Jardim Eledy,-23.649,-46.786,43,C:\Users\rickn\OneDrive\Documentos\GitHub\Projeto_Previsão_Alagamentos_TCC_2026\data\outputs\cemaden_raw\2018\data (5).csv
355030801A,,0.8,0.2,4,Jardim Paulistano,-23.582,-46.751,55,C:\Users\rickn\OneDrive\Documentos\GitHub\Projeto_Previsão_Alagamentos_TCC_2026\data\outputs\cemaden_raw\2019\data (5).csv
355030802A,,1.3900000000000001,0.39,6,COHAB Inácio Monteiro,-23.569,-46.411,55,C:\Users\rickn\OneDrive\Documentos\GitHub\Projeto_Previsão_Alagamentos_TCC_2026\data\outputs\cemaden_raw\2019\data (5).csv
355030806A,,0.0,0.0,1,Cidade Tiradentes 2,-23.58,-46.383,55,C:\Users\rickn\OneDrive\Documentos\GitHub\Projeto_Previsão_Alagamentos_TCC_2026\data\outputs\cemaden_raw\2019\data (5).csv
355030807A,,0.0,0.0,1,Jardim dos Alamos,-23.816,-46.736,55,C:\Users\rickn\OneDrive\Documentos\GitHub\Projeto_Previsão_Alagamentos_TCC_2026\data\outputs\cemaden_raw\2019\data (5).csv
355030809A,,0.0,0.0,1,Jardim São Luis,-23.667,-46.728,55,C:\Users\rickn\OneDrive\Documentos\GitHub\Projeto_Previsão_Alagamentos_TCC_2026\data\outputs\cemaden_raw\2019\data (5).csv
355030810A,,0.2,0.2,2,Chacara Dona Olivia,-23.513,-46.389,55,C:\Users\rickn\OneDrive\Documentos\GitHub\Projeto_Previsão_Alagamentos_TCC_2026\data\outputs\cemaden_raw\2019\data (5).csv
355030811A,,0.0,0.0,1,AC Santana,-23.50248,-46.628836,55,C:\Users\rickn\OneDrive\Documentos\GitHub\Projeto_Previsão_Alagamentos_TCC_2026\data\outputs\cemaden_raw\2019\data (5).csv
355030812A,,0.6000000000000001,0.2,4,Luz,-23.531015,-46.632533,55,C:\Users\rickn\OneDrive\Documentos\GitHub\Projeto_Previsão_Alagamentos_TCC_2026\data\outputs\cemaden_raw\2019\data (5).csv
355030813A,,1.3900000000000001,0.39,6,Jardim Guapira,-23.457,-46.584,55,C:\Users\rickn\OneDrive\Documentos\GitHub\Projeto_Previsão_Alagamentos_TCC_2026\data\outputs\cemaden_raw\2019\data (5).csv
355030816A,,12.58,2.16,6,Jardim Sapopemba,-23.609,-46.494,55,C:\Users\rickn\OneDrive\Documentos\GitHub\Projeto_Previsão_Alagamentos_TCC_2026\data\outputs\cemaden_raw\2019\data (5).csv
355030818A,,0.0,0.0,1,Itaquera2,-23.522,-46.457,55,C:\Users\rickn\OneDrive\Documentos\GitHub\Projeto_Previsão_Alagamentos_TCC_2026\data\outputs\cemaden_raw\2019\data (5).csv
355030819A,,3.94,0.79,6,Boa Esperança,-23.603,-46.449,55,C:\Users\rickn\OneDrive\Documentos\GitHub\Projeto_Previsão_Alagamentos_TCC_2026\data\outputs\cemaden_raw\2019\data (5).csv
355030820A,,0.2,0.2,1,Cidade Tiradentes,-23.595,-46.406,55,C:\Users\rickn\OneDrive\Documentos\GitHub\Projeto_Previsão_Alagamentos_TCC_2026\data\outputs\cemaden_raw\2019\data (5).csv
355030822A,,0.2,0.2,1,Vila Leopoldina,-23.5351,-46.73533,55,C:\Users\rickn\OneDrive\Documentos\GitHub\Projeto_Previsão_Alagamentos_TCC_2026\data\outputs\cemaden_raw\2019\data (5).csv
355030822B,,2.15,0.39,6,Avenida Oratório,-23.613,-46.523,55,C:\Users\rickn\OneDrive\Documentos\GitHub\Projeto_Previsão_Alagamentos_TCC_2026\data\outputs\cemaden_raw\2019\data (5).csv
355030824A,,0.2,0.2,2,Jardim Angela,-23.697,-46.765,55,C:\Users\rickn\OneDrive\Documentos\GitHub\Projeto_Previsão_Alagamentos_TCC_2026\data\outputs\cemaden_raw\2019\data (5).csv
355030825A,,0.2,0.2,2,Burgo Paulista,-23.517,-46.483,55,C:\Users\rickn\OneDrive\Documentos\GitHub\Projeto_Previsão_Alagamentos_TCC_2026\data\outputs\cemaden_raw\2019\data (5).csv
355030827B,,0.0,0.0,1,Jardim Valparaiso,-23.424,-46.59,55,C:\Users\rickn\OneDrive\Documentos\GitHub\Projeto_Previsão_Alagamentos_TCC_2026\data\outputs\cemaden_raw\2019\data (5).csv
355030831A,,0.2,0.2,1,AC Almeida Lima,-23.55196,-46.608613,55,C:\Users\rickn\OneDrive\Documentos\GitHub\Projeto_Previsão_Alagamentos_TCC_2026\data\outputs\cemaden_raw\2019\data (5).csv
355030833A,,0.6000000000000001,0.2,4,AC Central de SP,-23.543311,-46.635987,55,C:\Users\rickn\OneDrive\Documentos\GitHub\Projeto_Previsão_Alagamentos_TCC_2026\data\outputs\cemaden_raw\2019\data (5).csv
355030838A,,0.0,0.0,1,Residencial Cocaia,-23.745,-46.66,55,C:\Users\rickn\OneDrive\Documentos\GitHub\Projeto_Previsão_Alagamentos_TCC_2026\data\outputs\cemaden_raw\2019\data (5).csv
355030844A,,0.0,0.0,1,Barro Branco,-23.767,-46.68,55,C:\Users\rickn\OneDrive\Documentos\GitHub\Projeto_Previsão_Alagamentos_TCC_2026\data\outputs\cemaden_raw\2019\data (5).csv
355030849A,,11.0,1.96,6,Vila Carrão,-23.575,-46.526,55,C:\Users\rickn\OneDrive\Documentos\GitHub\Projeto_Previsão_Alagamentos_TCC_2026\data\outputs\cemaden_raw\2019\data (5).csv
355030850A,,1.77,0.39,6,CEU São Rafael,-23.62034,-46.45687,55,C:\Users\rickn\OneDrive\Documentos\GitHub\Projeto_Previsão_Alagamentos_TCC_2026\data\outputs\cemaden_raw\2019\data (5).csv
355030851A,,0.79,0.39,3,Jaraguá,-23.48,-46.762,55,C:\Users\rickn\OneDrive\Documentos\GitHub\Projeto_Previsão_Alagamentos_TCC_2026\data\outputs\cemaden_raw\2019\data (5).csv
355030852A,,0.0,0.0,1,Cidade Dutra,-23.72,-46.702,55,C:\Users\rickn\OneDrive\Documentos\GitHub\Projeto_Previsão_Alagamentos_TCC_2026\data\outputs\cemaden_raw\2019\data (5).csv
355030853A,,0.4,0.2,3,Pinheiros,-23.563,-46.703,55,C:\Users\rickn\OneDrive\Documentos\GitHub\Projeto_Previsão_Alagamentos_TCC_2026\data\outputs\cemaden_raw\2019\data (5).csv
355030856A,,8.44,1.77,6,Jardim Imperador,-23.64412,-46.60851,55,C:\Users\rickn\OneDrive\Documentos\GitHub\Projeto_Previsão_Alagamentos_TCC_2026\data\outputs\cemaden_raw\2019\data (5).csv
355030858A,,0.0,0.0,1,Jardim Vera Cruz,-23.736,-46.78,55,C:\Users\rickn\OneDrive\Documentos\GitHub\Projeto_Previsão_Alagamentos_TCC_2026\data\outputs\cemaden_raw\2019\data (5).csv
355030860A,,1.58,0.79,3,Limão,-23.511,-46.667,55,C:\Users\rickn\OneDrive\Documentos\GitHub\Projeto_Previsão_Alagamentos_TCC_2026\data\outputs\cemaden_raw\2019\data (5).csv
355030861A,,1.0,0.2,5,Pedreira,-23.705,-46.644,55,C:\Users\rickn\OneDrive\Documentos\GitHub\Projeto_Previsão_Alagamentos_TCC_2026\data\outputs\cemaden_raw\2019\data (5).csv
355030864A,,2.5500000000000003,0.79,6,São Mateus,-23.6,-46.468,55,C:\Users\rickn\OneDrive\Documentos\GitHub\Projeto_Previsão_Alagamentos_TCC_2026\data\outputs\cemaden_raw\2019\data (5).csv
355030865A,,0.99,0.39,4,Vila Constância,-23.668,-46.674,55,C:\Users\rickn\OneDrive\Documentos\GitHub\Projeto_Previsão_Alagamentos_TCC_2026\data\outputs\cemaden_raw\2019\data (5).csv
355030867A,,0.0,0.0,1,C.E.U Parelheiros,-23.829,-46.724,55,C:\Users\rickn\OneDrive\Documentos\GitHub\Projeto_Previsão_Alagamentos_TCC_2026\data\outputs\cemaden_raw\2019\data (5).csv
355030868A,,0.4,0.2,2,Subprefeitura de Itaquera,-23.532,-46.447,55,C:\Users\rickn\OneDrive\Documentos\GitHub\Projeto_Previsão_Alagamentos_TCC_2026\data\outputs\cemaden_raw\2019\data (5).csv
355030869A,,2.75,0.79,5,Vila Prudente,-23.584,-46.561,55,C:\Users\rickn\OneDrive\Documentos\GitHub\Projeto_Previsão_Alagamentos_TCC_2026\data\outputs\cemaden_raw\2019\data (5).csv
355030870A,,0.0,0.0,1,Jabaquara,-23.649,-46.64,55,C:\Users\rickn\OneDrive\Documentos\GitHub\Projeto_Previsão_Alagamentos_TCC_2026\data\outputs\cemaden_raw\2019\data (5).csv
355030871A,,0.2,0.2,1,Ipiranga,-23.587,-46.602,55,C:\Users\rickn\OneDrive\Documentos\GitHub\Projeto_Previsão_Alagamentos_TCC_2026\data\outputs\cemaden_raw\2019\data (5).csv
355030872A,,1.58,0.39,6,Freguesia do Ó,-23.476,-46.665,55,C:\Users\rickn\OneDrive\Documentos\GitHub\Projeto_Previsão_Alagamentos_TCC_2026\data\outputs\cemaden_raw\2019\data (5).csv
355030873A,,8.64,2.56,5,Perus,-23.407,-46.753,55,C:\Users\rickn\OneDrive\Documentos\GitHub\Projeto_Previsão_Alagamentos_TCC_2026\data\outputs\cemaden_raw\2019\data (5).csv
355030874A,,1.2000000000000002,0.2,6,Pirituba,-23.489,-46.727,55,C:\Users\rickn\OneDrive\Documentos\GitHub\Projeto_Previsão_Alagamentos_TCC_2026\data\outputs\cemaden_raw\2019\data (5).csv
355030875A,,12.38,2.36,6,Jardim São Roberto,-23.622,-46.501,55,C:\Users\rickn\OneDrive\Documentos\GitHub\Projeto_Previsão_Alagamentos_TCC_2026\data\outputs\cemaden_raw\2019\data (5).csv
355030876A,,0.0,0.0,1,Ermelino Matarazzo,-23.5,-46.473,55,C:\Users\rickn\OneDrive\Documentos\GitHub\Projeto_Previsão_Alagamentos_TCC_2026\data\outputs\cemaden_raw\2019\data (5).csv
355030877A,,0.4,0.2,2,Vila Formosa,-23.561,-46.564,55,C:\Users\rickn\OneDrive\Documentos\GitHub\Projeto_Previsão_Alagamentos_TCC_2026\data\outputs\cemaden_raw\2019\data (5).csv
355030878A,,1.97,0.59,5,Lapa,-23.522,-46.695,55,C:\Users\rickn\OneDrive\Documentos\GitHub\Projeto_Previsão_Alagamentos_TCC_2026\data\outputs\cemaden_raw\2019\data (5).csv
355030879A,,0.4,0.2,3,Avenida Tucuruvi,-23.481,-46.604,55,C:\Users\rickn\OneDrive\Documentos\GitHub\Projeto_Previsão_Alagamentos_TCC_2026\data\outputs\cemaden_raw\2019\data (5).csv
355030880A,,9.26,3.55,6,Iguatemi,-23.609,-46.427,55,C:\Users\rickn\OneDrive\Documentos\GitHub\Projeto_Previsão_Alagamentos_TCC_2026\data\outputs\cemaden_raw\2019\data (5).csv
355030881A,,0.2,0.2,2,Itaim Paulista,-23.494,-46.417,55,C:\Users\rickn\OneDrive\Documentos\GitHub\Projeto_Previsão_Alagamentos_TCC_2026\data\outputs\cemaden_raw\2019\data (5).csv
355030882A,,0.4,0.2,3,Campo Limpo,-23.647,-46.757,55,C:\Users\rickn\OneDrive\Documentos\GitHub\Projeto_Previsão_Alagamentos_TCC_2026\data\outputs\cemaden_raw\2019\data (5).csv
355030884A,,4.33,0.98,6,Lajeado,-23.545,-46.401,55,C:\Users\rickn\OneDrive\Documentos\GitHub\Projeto_Previsão_Alagamentos_TCC_2026\data\outputs\cemaden_raw\2019\data (5).csv
355030885A,,3.7399999999999998,0.79,6,Jardim Anhanguera,-23.44,-46.788,55,C:\Users\rickn\OneDrive\Documentos\GitHub\Projeto_Previsão_Alagamentos_TCC_2026\data\outputs\cemaden_raw\2019\data (5).csv
355030886A,,0.4,0.2,2,Cangaíba,-23.499,-46.496,55,C:\Users\rickn\OneDrive\Documentos\GitHub\Projeto_Previsão_Alagamentos_TCC_2026\data\outputs\cemaden_raw\2019\data (5).csv
355030889A,,1.77,0.39,6,Capão Redondo,-23.686,-46.794,55,C:\Users\rickn\OneDrive\Documentos\GitHub\Projeto_Previsão_Alagamentos_TCC_2026\data\outputs\cemaden_raw\2019\data (5).csv
355030892A,,0.6000000000000001,0.2,4,Jardim São Pedro,-23.555,-46.423,55,C:\Users\rickn\OneDrive\Documentos\GitHub\Projeto_Previsão_Alagamentos_TCC_2026\data\outputs\cemaden_raw\2019\data (5).csv
355030894A,,0.0,0.0,1,Parque Morumbi,-23.623,-46.727,55,C:\Users\rickn\OneDrive\Documentos\GitHub\Projeto_Previsão_Alagamentos_TCC_2026\data\outputs\cemaden_raw\2019\data (5).csv
355030895A,,0.0,0.0,1,Pirajussara,-23.638,-46.78,55,C:\Users\rickn\OneDrive\Documentos\GitHub\Projeto_Previsão_Alagamentos_TCC_2026\data\outputs\cemaden_raw\2019\data (5).csv
355030896A,,1.0,0.2,5,Jardim João XXIII,-23.6,-46.789,55,C:\Users\rickn\OneDrive\Documentos\GitHub\Projeto_Previsão_Alagamentos_TCC_2026\data\outputs\cemaden_raw\2019\data (5).csv
355030897A,,1.3900000000000001,0.79,5,Jaguaré,-23.55,-46.743,55,C:\Users\rickn\OneDrive\Documentos\GitHub\Projeto_Previsão_Alagamentos_TCC_2026\data\outputs\cemaden_raw\2019\data (5).csv
355030898A,,0.0,0.0,1,Jardim Romano,-23.47888,-46.38121,55,C:\Users\rickn\OneDrive\Documentos\GitHub\Projeto_Previsão_Alagamentos_TCC_2026\data\outputs\cemaden_raw\2019\data (5).csv
355030899A,,2.15,0.39,6,Jardim Eledy,-23.649,-46.786,55,C:\Users\rickn\OneDrive\Documentos\GitHub\Projeto_Previsão_Alagamentos_TCC_2026\data\outputs\cemaden_raw\2019\data (5).csv
