codigo_subprefeitura,nome_subprefeitura,dias,dias_cobertos,n_estacoes_mediana,n_estacoes_min,pct_dias_cobertos,estacoes_no_raio,dist_proxima_km
01,PERUS-ANHANGUERA,4169,4163,5.0,1,99.85608059486688,57,1.377282697754123
02,PIRITUBA-JARAGUA,4169,4164,5.0,1,99.88006716238907,71,2.486018673471083
03,FREGUESIA-BRASILANDIA,4169,4164,5.0,1,99.88006716238907,81,1.660734154721255
04,CASA VERDE-LIMAO-CACHOEIRINHA,4169,4164,5.0,1,99.88006716238907,88,0.41108632969338793
05,SANTANA-TUCURUVI,4169,4164,5.0,1,99.88006716238907,89,1.6232073603026096
06,JACANA-TREMEMBE,4169,4164,5.0,1,99.88006716238907,79,0.4962817715108809
07,VILA MARIA-VILA GUILHERME,4169,4164,5.0,1,99.88006716238907,90,0.3055317188413176
08,LAPA,4169,4165,5.0,1,99.90405372991125,83,1.5629043423933706
09,SE,4169,4165,5.0,1,99.90405372991125,92,1.4210929876346958
10,BUTANTA,4169,4165,5.0,1,99.90405372991125,80,0.6569584131874351
11,PINHEIROS,4169,4165,5.0,1,99.90405372991125,92,3.113217067810184
12,VILA MARIANA,4169,4165,5.0,1,99.90405372991125,94,0.15798954545252514
13,IPIRANGA,4169,4165,5.0,1,99.90405372991125,95,1.2570461585778823
14,SANTO AMARO,4169,4165,5.0,1,99.90405372991125,85,0.807274882229727
15,JABAQUARA,4169,4165,5.0,1,99.90405372991125,93,1.0488819873592798
16,CIDADE ADEMAR,4169,4165,5.0,1,99.90405372991125,89,2.111978321598397
17,CAMPO LIMPO,4169,4165,5.0,1,99.90405372991125,73,1.36428222750847
18,M BOI MIRIM,4169,4162,5.0,1,99.83209402734468,69,0.31343376452889093
19,CAPELA DO SOCORRO,4169,4162,5.0,1,99.83209402734468,66,1.5321470899655543
20,PARELHEIROS,4169,4152,5.0,0,99.59222835212282,26,5.693257889626407
21,PENHA,4169,4164,5.0,1,99.88006716238907,88,1.6246319536601015
22,ERMELINO MATARAZZO,4169,4164,5.0,1,99.88006716238907,76,1.02009057838555
23,SAO MIGUEL,4169,4164,5.0,1,99.88006716238907,66,0.37650574569602996
24,ITAIM PAULISTA,4169,4163,5.0,0,99.85608059486688,57,1.2137767032626936
25,MOOCA,4169,4165,5.0,1,99.90405372991125,92,0.7442255227499477
26,ARICANDUVA-FORMOSA-CARRAO,4169,4165,5.0,1,99.90405372991125,91,1.7872090360426582
27,ITAQUERA,4169,4164,5.0,1,99.88006716238907,79,2.051403981956143
28,GUAIANASES,4169,4163,5.0,0,99.85608059486688,61,0.6041595939638424
29,VILA PRUDENTE,4169,4165,5.0,1,99.90405372991125,92,1.0822459555155801
30,SAO MATEUS,4169,4164,5.0,0,99.88006716238907,71,1.1320497318724556
31,CIDADE TIRADENTES,4169,4163,5.0,0,99.85608059486688,61,1.0383018877413488
32,SAPOPEMBA,4169,4165,5.0,1,99.90405372991125,87,1.6274399075726735
