n_observacoes,positivos,prevalencia,AP,ROC_AUC,Brier,precisao,recall,F1,fracao_alertas,limiar,codigo_subprefeitura,nome_subprefeitura,avaliacao_exploratoria_min_5_positivos
882,81,0.09183673469387756,0.19394277362370094,0.7659407222453415,0.08121083538014065,0.1681159420289855,0.7160493827160493,0.27230046948356806,0.391156462585034,0.12,09,SE,True
882,61,0.0691609977324263,0.15071731482759662,0.755476128671552,0.06285299791227585,0.14358974358974358,0.45901639344262296,0.21875,0.22108843537414966,0.12,08,LAPA,True
882,56,0.06349206349206349,0.13137960783116837,0.750583708059495,0.05813948161299339,0.10975609756097561,0.16071428571428573,0.13043478260869565,0.09297052154195011,0.12,27,ITAQUERA,True
882,54,0.061224489795918366,0.14927879410284592,0.779320987654321,0.055045061493035785,0.16521739130434782,0.35185185185185186,0.22485207100591717,0.13038548752834467,0.12,10,BUTANTA,True
882,54,0.061224489795918366,0.15425630380813748,0.7443974771873322,0.05671588699659874,0.1320754716981132,0.5185185185185185,0.21052631578947367,0.24036281179138322,0.12,11,PINHEIROS,True
882,49,0.05555555555555555,0.14453682038030888,0.7536565646666831,0.05428529853660831,0.1261682242990654,0.5510204081632653,0.20532319391634982,0.24263038548752835,0.12,25,MOOCA,True
882,47,0.05328798185941043,0.12309351673528435,0.7656007134666837,0.04898458207732398,0.1487603305785124,0.3829787234042553,0.21428571428571427,0.13718820861678005,0.12,05,SANTANA-TUCURUVI,True
882,45,0.05102040816326531,0.1255685411287553,0.7523031992566043,0.05037246770663367,0.1111111111111111,0.4888888888888889,0.18106995884773663,0.22448979591836735,0.12,14,SANTO AMARO,True
882,41,0.046485260770975055,0.1275629195110271,0.7885357153214815,0.04267989064088643,0.13793103448275862,0.0975609756097561,0.11428571428571428,0.032879818594104306,0.12,21,PENHA,True
882,39,0.04421768707482993,0.17093950747656128,0.8002554977643945,0.039960237104695956,0.13636363636363635,0.38461538461538464,0.20134228187919462,0.12471655328798185,0.12,12,VILA MARIANA,True
882,36,0.04081632653061224,0.1083329824361617,0.7534475965327029,0.03820706223128669,0.23529411764705882,0.1111111111111111,0.1509433962264151,0.01927437641723356,0.12,26,ARICANDUVA-FORMOSA-CARRAO,True
882,36,0.04081632653061224,0.13074235435877316,0.7979872603099554,0.037427914773733376,0.1411764705882353,0.3333333333333333,0.19834710743801653,0.0963718820861678,0.12,07,VILA MARIA-VILA GUILHERME,True
882,30,0.034013605442176874,0.08404298800594476,0.7678403755868545,0.032607035090647794,0.0,0.0,0.0,0.0,0.12,24,ITAIM PAULISTA,True
882,29,0.032879818594104306,0.05978629409463869,0.7249868617859887,0.033114929045007825,0.04040404040404041,0.13793103448275862,0.0625,0.11224489795918367,0.12,04,CASA VERDE-LIMAO-CACHOEIRINHA,True
882,28,0.031746031746031744,0.08715515111143936,0.7813231850117096,0.02994384528053908,0.12903225806451613,0.14285714285714285,0.13559322033898305,0.035147392290249435,0.12,13,IPIRANGA,True
882,20,0.022675736961451247,0.04594775513134604,0.7481438515081207,0.02246503461594302,0.0,0.0,0.0,0.02834467120181406,0.12,02,PIRITUBA-JARAGUA,True
882,18,0.02040816326530612,0.05643522986949508,0.8087062757201646,0.0200265759705837,0.034482758620689655,0.05555555555555555,0.0425531914893617,0.032879818594104306,0.12,29,VILA PRUDENTE,True
882,17,0.01927437641723356,0.03881756288040453,0.7306358381502891,0.019234851979876916,0.0,0.0,0.0,0.013605442176870748,0.12,17,CAMPO LIMPO,True
882,15,0.017006802721088437,0.03024491723937022,0.6857362552864283,0.016752085380877507,0.0,0.0,0.0,0.0,0.12,30,SAO MATEUS,True
882,14,0.015873015873015872,0.10824127299361112,0.8409315339038842,0.015132120963691546,0.0,0.0,0.0,0.0,0.12,23,SAO MIGUEL,True
882,13,0.01473922902494331,0.03974328478613224,0.7555103124723377,0.015283434790875489,0.03125,0.07692307692307693,0.044444444444444446,0.036281179138321996,0.12,18,M BOI MIRIM,True
882,12,0.013605442176870748,0.02209301782475657,0.6909961685823754,0.014192240150863553,0.0,0.0,0.0,0.011337868480725623,0.12,03,FREGUESIA-BRASILANDIA,True
882,10,0.011337868480725623,0.05341290351219789,0.7962155963302753,0.011090052615919438,0.0,0.0,0.0,0.0,0.12,28,GUAIANASES,True
882,9,0.01020408163265306,0.03160899921149225,0.7534682448771797,0.010299871633914404,0.0,0.0,0.0,0.0045351473922902496,0.12,19,CAPELA DO SOCORRO,True
882,8,0.009070294784580499,0.020555469674976005,0.7439216247139588,0.008968438028054611,0.0,0.0,0.0,0.0,0.12,22,ERMELINO MATARAZZO,True
882,7,0.007936507936507936,0.017771505561975678,0.7226122448979592,0.008664224724690752,0.0,0.0,0.0,0.009070294784580499,0.12,06,JACANA-TREMEMBE,True
882,4,0.0045351473922902496,,,0.004856977725822062,,,,0.0011337868480725624,0.12,16,CIDADE ADEMAR,False
882,3,0.003401360544217687,,,0.003998720863700379,,,,0.0022675736961451248,0.12,01,PERUS-ANHANGUERA,False
882,3,0.003401360544217687,,,0.0033890435011490667,,,,0.0,0.12,15,JABAQUARA,False
882,3,0.003401360544217687,,,0.0035301119186177806,,,,0.0,0.12,20,PARELHEIROS,False
882,3,0.003401360544217687,,,0.003399440920581891,,,,0.0,0.12,32,SAPOPEMBA,False
882,2,0.0022675736961451248,,,0.002258096794983947,,,,0.0,0.12,31,CIDADE TIRADENTES,False
