codigo_subprefeitura,positivos_dia_seguinte,spearman_chuva_municipal_t_vs_registro_local_t1,nome_subprefeitura
01,49,0.0847985553415878,PERUS-ANHANGUERA
02,102,0.14413069913796878,PIRITUBA-JARAGUA
03,76,0.08058051666855155,FREGUESIA-BRASILANDIA
04,187,0.14860029328424612,CASA VERDE-LIMAO-CACHOEIRINHA
05,236,0.20465582285382922,SANTANA-TUCURUVI
06,61,0.10473200584010801,JACANA-TREMEMBE
07,180,0.17021873859044084,VILA MARIA-VILA GUILHERME
08,325,0.21838519653630079,LAPA
09,519,0.27825205939731007,SE
10,254,0.19601981602940974,BUTANTA
11,345,0.202010738986411,PINHEIROS
12,214,0.17566082347135983,VILA MARIANA
13,131,0.14064987893746245,IPIRANGA
14,330,0.22608691817778667,SANTO AMARO
15,12,0.024710833760492164,JABAQUARA
16,44,0.0690323373470592,CIDADE ADEMAR
17,80,0.10969987100620175,CAMPO LIMPO
18,110,0.12335659712504557,M BOI MIRIM
19,55,0.09608160524580332,CAPELA DO SOCORRO
20,24,0.06268827747091271,PARELHEIROS
21,183,0.15806805724413567,PENHA
22,20,0.044877875783980864,ERMELINO MATARAZZO
23,57,0.10086406377335352,SAO MIGUEL
24,65,0.07167852560535179,ITAIM PAULISTA
25,324,0.21221744068430215,MOOCA
26,104,0.11479094028098123,ARICANDUVA-FORMOSA-CARRAO
27,241,0.17078592092402436,ITAQUERA
28,21,0.07687107995953175,GUAIANASES
29,110,0.12968680294970983,VILA PRUDENTE
30,45,0.08801006163860468,SAO MATEUS
31,4,,CIDADE TIRADENTES
32,11,0.050802637840854516,SAPOPEMBA
