codigo_subprefeitura,dias_calendario,dias_com_registro,registros,nome_subprefeitura,area_km2,pct_area_mapeada_vegetacao,densidade_rede_km_por_km2,rede_mapeada_km,n_estacoes_cemaden_mapeadas,pct_dias_registro,registros_por_100_km2
01,4169,49,72,PERUS-ANHANGUERA,56.88996612141402,75.32037745077903,3.196728709726132,181.8617879956712,2,1.1753418085871912,126.56010349230705
02,4169,102,141,PIRITUBA-JARAGUA,55.01978759699277,46.73241074214452,2.8909062380095985,159.0570471781095,4,2.4466298872631325,256.271436438091
03,4169,76,112,FREGUESIA-BRASILANDIA,31.97820296460442,40.289780514631424,3.2024739878034945,102.40936317084623,2,1.8229791316862558,350.2385675766989
04,4169,187,348,CASA VERDE-LIMAO-CACHOEIRINHA,27.229991855112523,30.84761196208976,3.274948947701056,89.17683317180908,4,4.485488126649076,1278.0025857211626
05,4169,236,423,SANTANA-TUCURUVI,35.77832773594101,36.275221307257056,2.989242722752143,106.95010581690283,2,5.660829935236268,1182.2799632277856
06,4169,61,74,JACANA-TREMEMBE,65.1059022735819,67.99335159805113,3.5762289549696047,232.833612850205,2,1.463180618853442,113.66096992104364
07,4169,180,285,VILA MARIA-VILA GUILHERME,26.895116823479164,11.725603151730128,1.3480645308998949,36.256353044141306,1,4.317582153993763,1059.6719169154078
08,4169,325,900,LAPA,40.63693745339247,20.84094990559045,2.3602481352233284,95.9132558455566,4,7.795634444710962,2214.733826908666
09,4169,519,1524,SE,26.662592446582448,16.476158299849185,2.391001097727532,63.75028780804043,4,12.449028544015352,5715.873289715843
10,4169,254,476,BUTANTA,56.30414571017784,38.04681680868456,2.775070182265553,156.24795589824947,3,6.092588150635644,845.4084401709619
11,4169,345,778,PINHEIROS,31.99141731413988,28.357094356069616,1.9660283912222127,62.89603471503686,1,8.275365795154713,2431.9022579100674
12,4169,214,499,VILA MARIANA,26.98163618866953,22.69031286726308,2.435907445266409,65.72476847744969,2,5.133125449748141,1849.4060052946174
13,4169,131,231,IPIRANGA,37.4922163522198,24.701408549543853,1.848180462084463,69.29238174241625,6,3.1422403454065724,616.1278859320441
14,4169,330,773,SANTO AMARO,37.74278946048152,29.346909201237583,2.129786752647294,80.38409300088945,2,7.915567282321899,2048.073316916248
15,4169,12,13,JABAQUARA,14.00835278029398,15.586099856037947,2.576653786994409,36.09467524089814,3,0.2878388102662509,92.8017747974447
16,4169,44,54,CIDADE ADEMAR,30.807207994777507,24.440774906313425,2.9095748557203254,89.63587775655081,1,1.0554089709762533,175.2836544264387
17,4169,80,123,CAMPO LIMPO,36.673735257807046,26.393247147715652,2.539867213619201,93.14641778225464,5,1.918925401775006,335.38988907276894
18,4169,111,161,M BOI MIRIM,62.41089528667721,34.12262055868673,1.8938399943076984,118.19624957445912,5,2.662508994962821,257.96777831893803
19,4169,55,87,CAPELA DO SOCORRO,132.83394199749162,47.04083991047596,2.699477486055359,358.58223580621205,5,1.3192612137203166,65.4953084217307
20,4169,24,29,PARELHEIROS,360.6363981366643,91.2217628151446,5.542054243299524,1998.666480581557,3,0.5756776205325018,8.041340294500822
21,4169,183,317,PENHA,40.42083500683225,19.1116490826722,2.225107876873869,89.94071836352144,3,4.389541856560326,784.2490140206608
22,4169,20,23,ERMELINO MATARAZZO,15.96273059431537,17.848446272173252,2.472615179003564,39.46968996584877,2,0.4797313504437515,144.08562409861588
23,4169,57,108,SAO MIGUEL,26.152229413942816,18.78819638006428,2.436436164672376,63.71823753093892,2,1.3672343487646919,412.96670463750525
24,4169,65,123,ITAIM PAULISTA,21.59775333806229,11.79302514924098,3.109000425041617,67.14742430797968,2,1.5591268889421923,569.5036797333631
25,4169,324,733,MOOCA,36.04147875750383,12.06735128729574,1.3754881291380692,49.5746261875284,2,7.771647877188775,2033.767828816928
26,4169,104,181,ARICANDUVA-FORMOSA-CARRAO,22.331370753457595,12.111705965717372,1.999686015868457,44.655729810863,3,2.494603022307508,810.5189869366866
27,4169,241,473,ITAQUERA,55.11521357035773,39.40243726310982,2.79297645495981,153.93549381209053,6,5.780762772847206,858.2022446419234
28,4169,21,24,GUAIANASES,17.77007947589733,22.51516119475837,3.1335655196071643,55.683708326350825,2,0.5037179179659391,135.05848430533302
29,4169,110,232,VILA PRUDENTE,19.19651924836424,12.70332210775424,2.216031474158059,42.54009084865616,2,2.638522427440633,1208.552430773454
30,4169,45,61,SAO MATEUS,45.2993992966488,37.75954281056895,3.351664918164063,151.8284074364836,4,1.0793955384984408,134.65962230654284
31,4169,4,8,CIDADE TIRADENTES,14.934635843727255,43.03102933588424,3.899991899747898,58.24495881622091,2,0.0959462700887503,53.566756389042496
32,4169,11,11,SAPOPEMBA,13.629985612459125,10.57201287654924,2.3553051236660103,32.10277494851898,3,0.2638522427440633,80.70441387659967
