codigo_subprefeitura,nome_subprefeitura,estacoes_ate_30km,distancia_estacao_mais_proxima_km,distancia_5a_mais_proxima_km
20,PARELHEIROS,26,5.693257889626407,14.727542201628356
01,PERUS-ANHANGUERA,57,1.377282697754123,8.34576402921064
24,ITAIM PAULISTA,57,1.2137767032626936,5.491536580867238
31,CIDADE TIRADENTES,61,1.0383018877413488,3.681817395970415
28,GUAIANASES,61,0.6041595939638424,4.054050511202795
23,SAO MIGUEL,66,0.37650574569602996,3.767457473040465
19,CAPELA DO SOCORRO,66,1.5321470899655543,5.145478270924707
18,M BOI MIRIM,69,0.31343376452889093,4.966874509070011
30,SAO MATEUS,71,1.1320497318724556,3.9459511291305134
02,PIRITUBA-JARAGUA,71,2.486018673471083,4.038868434738398
17,CAMPO LIMPO,73,1.36428222750847,3.064504317469056
22,ERMELINO MATARAZZO,76,1.02009057838555,3.421453006025787
06,JACANA-TREMEMBE,79,0.4962817715108809,8.906164285338253
27,ITAQUERA,79,2.051403981956143,3.9781978762418087
10,BUTANTA,80,0.6569584131874351,4.84667929786782
03,FREGUESIA-BRASILANDIA,81,1.660734154721255,4.520557722578601
08,LAPA,83,1.5629043423933706,4.270581452500432
14,SANTO AMARO,85,0.807274882229727,4.431433540503258
32,SAPOPEMBA,87,1.6274399075726735,3.9941232040733055
04,CASA VERDE-LIMAO-CACHOEIRINHA,88,0.41108632969338793,5.039249547013211
21,PENHA,88,1.6246319536601015,5.690259117205816
16,CIDADE ADEMAR,89,2.111978321598397,4.82023441182554
05,SANTANA-TUCURUVI,89,1.6232073603026096,4.168522360883074
07,VILA MARIA-VILA GUILHERME,90,0.3055317188413176,4.896075396435832
26,ARICANDUVA-FORMOSA-CARRAO,91,1.7872090360426582,3.436167160715267
09,SE,92,1.4210929876346958,3.385337905405095
25,MOOCA,92,0.7442255227499477,4.140994260111422
11,PINHEIROS,92,3.113217067810184,6.032040618550923
29,VILA PRUDENTE,92,1.0822459555155801,4.149791274952036
15,JABAQUARA,93,1.0488819873592798,4.325278470920401
12,VILA MARIANA,94,0.15798954545252514,4.926951162347218
13,IPIRANGA,95,1.2570461585778823,3.6520342062627478
